check,severity,ticker,detail,metric,source
missing_value,warn,GOOGL,"diluted_shares missing for FY2019, FY2020, FY2021",diluted_shares,
missing_value,warn,V,"diluted_shares missing for FY2019, FY2020, FY2021, FY2022, FY2023, FY2024",diluted_shares,
missing_value,warn,XOM,"diluted_shares missing for FY2019, FY2020, FY2021, FY2022, FY2023, FY2024",diluted_shares,
missing_value,warn,V,"eps_diluted missing for FY2019, FY2020, FY2021, FY2022, FY2023, FY2024",eps_diluted,
missing_value,warn,IBM,"operating_income missing for FY2019, FY2020, FY2021, FY2022, FY2023, FY2024",operating_income,
missing_value,warn,NKE,"operating_income missing for FY2019, FY2020, FY2021, FY2022, FY2023, FY2024",operating_income,
missing_value,warn,JPM,"operating_income missing for FY2019, FY2020, FY2021, FY2022, FY2023, FY2024",operating_income,
missing_value,warn,GS,"operating_income missing for FY2019, FY2020, FY2021, FY2022, FY2023, FY2024",operating_income,
missing_value,warn,JNJ,"operating_income missing for FY2019, FY2020, FY2021, FY2022, FY2023, FY2024",operating_income,
missing_value,warn,PFE,"operating_income missing for FY2019, FY2020, FY2021, FY2022, FY2023, FY2024",operating_income,
missing_value,warn,XOM,"operating_income missing for FY2019, FY2020, FY2021, FY2022, FY2023, FY2024",operating_income,
missing_value,warn,CVX,"operating_income missing for FY2019, FY2020, FY2021, FY2022, FY2023, FY2024",operating_income,
missing_value,warn,COP,"operating_income missing for FY2019, FY2020, FY2021, FY2022, FY2023, FY2024",operating_income,
missing_value,warn,HON,"operating_income missing for FY2019, FY2020, FY2021",operating_income,
missing_value,warn,SHW,operating_income missing for FY2024,operating_income,
restated,info,AAPL,"revenue FY2007: first reported 2.401e+10, latest 2.458e+10 (+2.4%)",revenue,
restated,info,AAPL,"revenue FY2008: first reported 3.248e+10, latest 3.749e+10 (+15.4%)",revenue,
restated,info,AAPL,"revenue FY2009: first reported 3.654e+10, latest 4.29e+10 (+17.4%)",revenue,
restated,info,AAPL,"operating_income FY2007: first reported 4.409e+09, latest 4.407e+09 (-0.0%)",operating_income,
restated,info,AAPL,"operating_income FY2008: first reported 6.275e+09, latest 8.327e+09 (+32.7%)",operating_income,
restated,info,AAPL,"operating_income FY2009: first reported 7.658e+09, latest 1.174e+10 (+53.3%)",operating_income,
restated,info,AAPL,"net_income FY2007: first reported 3.496e+09, latest 3.495e+09 (-0.0%)",net_income,
restated,info,AAPL,"net_income FY2008: first reported 4.834e+09, latest 6.119e+09 (+26.6%)",net_income,
restated,info,AAPL,"net_income FY2009: first reported 5.704e+09, latest 8.235e+09 (+44.4%)",net_income,
restated,info,AAPL,"eps_diluted FY2008: first reported 5.36, latest 6.78 (+26.5%)",eps_diluted,
restated,info,AAPL,"eps_diluted FY2009: first reported 6.29, latest 9.08 (+44.4%)",eps_diluted,
restated,info,AAPL,"eps_diluted FY2012: first reported 44.15, latest 6.31 (-85.7%)",eps_diluted,
restated,info,AAPL,"eps_diluted FY2013: first reported 39.75, latest 5.68 (-85.7%)",eps_diluted,
split_adjusted,info,AAPL,"eps_diluted FY2018: first reported 11.91, latest 2.98 (-75.0%)",eps_diluted,
split_adjusted,info,AAPL,"eps_diluted FY2019: first reported 11.89, latest 2.97 (-75.0%)",eps_diluted,
restated,info,AAPL,"diluted_shares FY2012: first reported 9.454e+08, latest 6.617e+09 (+600.0%)",diluted_shares,
restated,info,AAPL,"diluted_shares FY2013: first reported 9.317e+08, latest 6.522e+09 (+600.0%)",diluted_shares,
split_adjusted,info,AAPL,"diluted_shares FY2018: first reported 5e+09, latest 2e+10 (+300.0%)",diluted_shares,
split_adjusted,info,AAPL,"diluted_shares FY2019: first reported 4.649e+09, latest 1.86e+10 (+300.0%)",diluted_shares,
restated,info,AAPL,"operating_cash_flow FY2016: first reported 6.582e+10, latest 6.623e+10 (+0.6%)",operating_cash_flow,
restated,info,AAPL,"operating_cash_flow FY2017: first reported 6.36e+10, latest 6.422e+10 (+1.0%)",operating_cash_flow,
restated,info,AAPL,"total_assets FY2008: first reported 3.957e+10, latest 3.617e+10 (-8.6%)",total_assets,
restated,info,AAPL,"total_assets FY2009: first reported 5.385e+10, latest 4.75e+10 (-11.8%)",total_assets,
restated,info,AAPL,"total_assets FY2015: first reported 2.905e+11, latest 2.903e+11 (-0.0%)",total_assets,
restated,info,AAPL,"total_equity FY2007: first reported 1.453e+10, latest 1.453e+10 (-0.0%)",total_equity,
restated,info,AAPL,"total_equity FY2008: first reported 2.103e+10, latest 2.23e+10 (+6.0%)",total_equity,
restated,info,AAPL,"total_equity FY2009: first reported 2.783e+10, latest 3.164e+10 (+13.7%)",total_equity,
restated,info,NVDA,"revenue FY2014: first reported 4.13e+09, latest 4.13e+09 (-0.0%)",revenue,
restated,info,NVDA,"revenue FY2015: first reported 4.682e+09, latest 4.682e+09 (+0.0%)",revenue,
restated,info,NVDA,"operating_income FY2014: first reported 4.962e+08, latest 4.96e+08 (-0.0%)",operating_income,
restated,info,NVDA,"operating_income FY2015: first reported 7.59e+08, latest 7.59e+08 (+0.0%)",operating_income,
restated,info,NVDA,"net_income FY2014: first reported 4.4e+08, latest 4.4e+08 (+0.0%)",net_income,
restated,info,NVDA,"net_income FY2015: first reported 6.306e+08, latest 6.31e+08 (+0.1%)",net_income,
restated,info,NVDA,"eps_diluted FY2020: first reported 4.52, latest 1.13 (-75.0%)",eps_diluted,
restated,info,NVDA,"eps_diluted FY2021: first reported 6.9, latest 1.73 (-74.9%)",eps_diluted,
restated,info,NVDA,"eps_diluted FY2023: first reported 1.74, latest 0.17 (-90.2%)",eps_diluted,
split_adjusted,info,NVDA,"eps_diluted FY2024: first reported 11.93, latest 1.19 (-90.0%)",eps_diluted,
restated,info,NVDA,"diluted_shares FY2010: first reported 5.496e+05, latest 5.496e+08 (+99900.0%)",diluted_shares,
restated,info,NVDA,"diluted_shares FY2011: first reported 5.887e+05, latest 5.887e+08 (+99900.0%)",diluted_shares,
restated,info,NVDA,"diluted_shares FY2014: first reported 5.945e+08, latest 5.95e+08 (+0.1%)",diluted_shares,
restated,info,NVDA,"diluted_shares FY2015: first reported 5.631e+08, latest 5.63e+08 (-0.0%)",diluted_shares,
restated,info,NVDA,"diluted_shares FY2020: first reported 6.18e+08, latest 2.472e+09 (+300.0%)",diluted_shares,
restated,info,NVDA,"diluted_shares FY2021: first reported 6.28e+08, latest 2.51e+09 (+299.7%)",diluted_shares,
split_adjusted,info,NVDA,"diluted_shares FY2023: first reported 2.507e+09, latest 2.507e+10 (+900.0%)",diluted_shares,
split_adjusted,info,NVDA,"diluted_shares FY2024: first reported 2.494e+09, latest 2.494e+10 (+900.0%)",diluted_shares,
restated,info,NVDA,"operating_cash_flow FY2014: first reported 8.351e+08, latest 8.35e+08 (-0.0%)",operating_cash_flow,
restated,info,NVDA,"operating_cash_flow FY2015: first reported 9.057e+08, latest 9.06e+08 (+0.0%)",operating_cash_flow,
restated,info,NVDA,"total_assets FY2015: first reported 7.201e+09, latest 7.201e+09 (-0.0%)",total_assets,
restated,info,NVDA,"total_equity FY2013: first reported 4.828e+09, latest 4.827e+09 (-0.0%)",total_equity,
restated,info,NVDA,"total_equity FY2014: first reported 4.456e+09, latest 4.455e+09 (-0.0%)",total_equity,
restated,info,NVDA,"total_equity FY2015: first reported 4.418e+09, latest 4.418e+09 (+0.0%)",total_equity,
restated,info,IBM,"revenue FY2012: first reported 1.045e+11, latest 1.029e+11 (-1.6%)",revenue,
restated,info,IBM,"revenue FY2013: first reported 9.975e+10, latest 9.837e+10 (-1.4%)",revenue,
restated,info,IBM,"revenue FY2019: first reported 7.715e+10, latest 5.771e+10 (-25.2%)",revenue,
restated,info,IBM,"revenue FY2020: first reported 7.362e+10, latest 5.518e+10 (-25.0%)",revenue,
restated,info,IBM,"operating_cash_flow FY2015: first reported 1.701e+10, latest 1.726e+10 (+1.5%)",operating_cash_flow,
restated,info,IBM,"operating_cash_flow FY2016: first reported 1.696e+10, latest 1.708e+10 (+0.7%)",operating_cash_flow,
restated,info,IBM,"total_assets FY2013: first reported 1.262e+11, latest 1.256e+11 (-0.5%)",total_assets,
restated,info,IBM,"total_assets FY2014: first reported 1.175e+11, latest 1.173e+11 (-0.2%)",total_assets,
restated,info,GOOGL,"operating_income FY2017: first reported 2.615e+10, latest 2.618e+10 (+0.1%)",operating_income,
restated,info,GOOGL,"operating_income FY2018: first reported 2.632e+10, latest 2.752e+10 (+4.6%)",operating_income,
split_adjusted,info,GOOGL,"eps_diluted FY2020: first reported 58.61, latest 2.93 (-95.0%)",eps_diluted,
split_adjusted,info,GOOGL,"eps_diluted FY2021: first reported 112.2, latest 5.61 (-95.0%)",eps_diluted,
restated,info,GOOGL,"operating_cash_flow FY2014: first reported 2.238e+10, latest 2.302e+10 (+2.9%)",operating_cash_flow,
restated,info,GOOGL,"operating_cash_flow FY2015: first reported 2.602e+10, latest 2.657e+10 (+2.1%)",operating_cash_flow,
restated,info,META,"operating_cash_flow FY2014: first reported 5.457e+09, latest 7.326e+09 (+34.2%)",operating_cash_flow,
restated,info,META,"operating_cash_flow FY2015: first reported 8.599e+09, latest 1.032e+10 (+20.0%)",operating_cash_flow,
restated,info,META,"total_assets FY2014: first reported 4.018e+10, latest 3.997e+10 (-0.5%)",total_assets,
restated,info,NFLX,"eps_diluted FY2013: first reported 1.85, latest 0.26 (-85.9%)",eps_diluted,
restated,info,NFLX,"eps_diluted FY2014: first reported 4.32, latest 0.62 (-85.6%)",eps_diluted,
split_adjusted,info,NFLX,"eps_diluted FY2024: first reported 19.83, latest 1.98 (-90.0%)",eps_diluted,
split_adjusted,info,NFLX,"eps_diluted FY2023: first reported 12.03, latest 1.2 (-90.0%)",eps_diluted,
restated,info,NFLX,"diluted_shares FY2013: first reported 6.076e+07, latest 4.253e+08 (+600.0%)",diluted_shares,
restated,info,NFLX,"diluted_shares FY2014: first reported 6.17e+07, latest 4.319e+08 (+600.0%)",diluted_shares,
split_adjusted,info,NFLX,"diluted_shares FY2024: first reported 4.393e+08, latest 4.393e+09 (+900.0%)",diluted_shares,
split_adjusted,info,NFLX,"diluted_shares FY2023: first reported 4.495e+08, latest 4.495e+09 (+900.0%)",diluted_shares,
restated,info,NFLX,"operating_cash_flow FY2012: first reported 2.276e+07, latest 2.159e+07 (-5.2%)",operating_cash_flow,
restated,info,NFLX,"total_assets FY2014: first reported 7.057e+09, latest 7.042e+09 (-0.2%)",total_assets,
split_adjusted,info,AMZN,"eps_diluted FY2020: first reported 41.83, latest 2.09 (-95.0%)",eps_diluted,
split_adjusted,info,AMZN,"eps_diluted FY2021: first reported 64.81, latest 3.24 (-95.0%)",eps_diluted,
split_adjusted,info,AMZN,"diluted_shares FY2020: first reported 5.1e+08, latest 1.02e+10 (+1899.6%)",diluted_shares,
split_adjusted,info,AMZN,"diluted_shares FY2021: first reported 5.15e+08, latest 1.03e+10 (+1899.2%)",diluted_shares,
restated,info,AMZN,"operating_cash_flow FY2015: first reported 1.192e+10, latest 1.204e+10 (+1.0%)",operating_cash_flow,
restated,info,AMZN,"operating_cash_flow FY2016: first reported 1.644e+10, latest 1.72e+10 (+4.6%)",operating_cash_flow,
restated,info,AMZN,"operating_cash_flow FY2017: first reported 1.843e+10, latest 1.836e+10 (-0.4%)",operating_cash_flow,
restated,info,AMZN,"total_assets FY2015: first reported 6.544e+10, latest 6.475e+10 (-1.1%)",total_assets,
restated,info,HD,"operating_cash_flow FY2018: first reported 1.304e+10, latest 1.316e+10 (+1.0%)",operating_cash_flow,
restated,info,HD,"operating_cash_flow FY2019: first reported 1.372e+10, latest 1.369e+10 (-0.3%)",operating_cash_flow,
restated,info,HD,"total_assets FY2015: first reported 4.255e+10, latest 4.197e+10 (-1.4%)",total_assets,
restated,info,NKE,"revenue FY2009: first reported 1.918e+10, latest 1.918e+10 (-0.0%)",revenue,
restated,info,NKE,"revenue FY2011: first reported 2.086e+10, latest 2.012e+10 (-3.6%)",revenue,
restated,info,NKE,"revenue FY2012: first reported 2.413e+10, latest 2.333e+10 (-3.3%)",revenue,
restated,info,NKE,"net_income FY2009: first reported 1.487e+09, latest 1.487e+09 (+0.0%)",net_income,
restated,info,NKE,"net_income FY2010: first reported 1.907e+09, latest 1.907e+09 (+0.0%)",net_income,
restated,info,NKE,"net_income FY2012: first reported 2.223e+09, latest 2.211e+09 (-0.5%)",net_income,
restated,info,NKE,"net_income FY2013: first reported 2.485e+09, latest 2.472e+09 (-0.5%)",net_income,
restated,info,NKE,"eps_diluted FY2011: first reported 4.39, latest 2.2 (-49.9%)",eps_diluted,
restated,info,NKE,"eps_diluted FY2012: first reported 4.73, latest 2.35 (-50.3%)",eps_diluted,
restated,info,NKE,"eps_diluted FY2013: first reported 2.71, latest 2.7 (-0.4%)",eps_diluted,
restated,info,NKE,"eps_diluted FY2014: first reported 2.97, latest 1.49 (-49.8%)",eps_diluted,
restated,info,NKE,"eps_diluted FY2015: first reported 3.7, latest 1.85 (-50.0%)",eps_diluted,
restated,info,NKE,"diluted_shares FY2011: first reported 4.857e+08, latest 9.713e+08 (+100.0%)",diluted_shares,
restated,info,NKE,"diluted_shares FY2012: first reported 4.698e+08, latest 9.396e+08 (+100.0%)",diluted_shares,
restated,info,NKE,"diluted_shares FY2014: first reported 9.058e+08, latest 1.812e+09 (+100.0%)",diluted_shares,
restated,info,NKE,"diluted_shares FY2015: first reported 8.844e+08, latest 1.769e+09 (+100.0%)",diluted_shares,
restated,info,NKE,"operating_cash_flow FY2009: first reported 1.736e+09, latest 1.736e+09 (-0.0%)",operating_cash_flow,
restated,info,NKE,"operating_cash_flow FY2010: first reported 3.164e+09, latest 3.164e+09 (-0.0%)",operating_cash_flow,
restated,info,NKE,"operating_cash_flow FY2012: first reported 1.899e+09, latest 1.824e+09 (-3.9%)",operating_cash_flow,
restated,info,NKE,"operating_cash_flow FY2013: first reported 3.027e+09, latest 3.032e+09 (+0.2%)",operating_cash_flow,
restated,info,NKE,"operating_cash_flow FY2014: first reported 3.003e+09, latest 3.013e+09 (+0.3%)",operating_cash_flow,
restated,info,NKE,"operating_cash_flow FY2016: first reported 3.096e+09, latest 3.399e+09 (+9.8%)",operating_cash_flow,
restated,info,NKE,"operating_cash_flow FY2017: first reported 3.64e+09, latest 3.846e+09 (+5.7%)",operating_cash_flow,
restated,info,NKE,"total_assets FY2010: first reported 1.442e+10, latest 1.442e+10 (-0.0%)",total_assets,
restated,info,NKE,"total_assets FY2013: first reported 1.758e+10, latest 1.754e+10 (-0.2%)",total_assets,
restated,info,NKE,"total_assets FY2015: first reported 2.16e+10, latest 2.16e+10 (-0.0%)",total_assets,
restated,info,NKE,"total_assets FY2016: first reported 2.14e+10, latest 2.138e+10 (-0.1%)",total_assets,
restated,info,NKE,"total_equity FY2008: first reported 7.825e+09, latest 7.825e+09 (-0.0%)",total_equity,
restated,info,NKE,"total_equity FY2009: first reported 8.693e+09, latest 8.693e+09 (-0.0%)",total_equity,
restated,info,NKE,"total_equity FY2010: first reported 9.754e+09, latest 9.754e+09 (+0.0%)",total_equity,
restated,info,NKE,"total_equity FY2011: first reported 9.843e+09, latest 9.793e+09 (-0.5%)",total_equity,
restated,info,NKE,"total_equity FY2012: first reported 1.038e+10, latest 1.032e+10 (-0.6%)",total_equity,
restated,info,NKE,"total_equity FY2013: first reported 1.116e+10, latest 1.108e+10 (-0.7%)",total_equity,
restated,info,WMT,"revenue FY2009: first reported 4.044e+11, latest 4.043e+11 (-0.0%)",revenue,
restated,info,WMT,"revenue FY2010: first reported 4.082e+11, latest 4.081e+11 (-0.0%)",revenue,
restated,info,WMT,"revenue FY2012: first reported 4.47e+11, latest 4.465e+11 (-0.1%)",revenue,
restated,info,WMT,"revenue FY2013: first reported 4.692e+11, latest 4.687e+11 (-0.1%)",revenue,
restated,info,WMT,"operating_income FY2009: first reported 2.28e+10, latest 2.277e+10 (-0.1%)",operating_income,
restated,info,WMT,"operating_income FY2010: first reported 2.395e+10, latest 2.4e+10 (+0.2%)",operating_income,
restated,info,WMT,"operating_income FY2012: first reported 2.656e+10, latest 2.649e+10 (-0.3%)",operating_income,
restated,info,WMT,"operating_income FY2013: first reported 2.78e+10, latest 2.772e+10 (-0.3%)",operating_income,
restated,info,WMT,"net_income FY2009: first reported 1.34e+10, latest 1.338e+10 (-0.1%)",net_income,
restated,info,WMT,"net_income FY2010: first reported 1.434e+10, latest 1.437e+10 (+0.2%)",net_income,
restated,info,WMT,"eps_diluted FY2010: first reported 3.7, latest 3.71 (+0.3%)",eps_diluted,
split_adjusted,info,WMT,"eps_diluted FY2022: first reported 4.87, latest 1.62 (-66.7%)",eps_diluted,
split_adjusted,info,WMT,"eps_diluted FY2023: first reported 4.27, latest 1.42 (-66.7%)",eps_diluted,
split_adjusted,info,WMT,"diluted_shares FY2022: first reported 2.805e+09, latest 8.415e+09 (+200.0%)",diluted_shares,
split_adjusted,info,WMT,"diluted_shares FY2023: first reported 2.734e+09, latest 8.202e+09 (+200.0%)",diluted_shares,
restated,info,WMT,"operating_cash_flow FY2016: first reported 2.739e+10, latest 2.755e+10 (+0.6%)",operating_cash_flow,
restated,info,WMT,"operating_cash_flow FY2017: first reported 3.153e+10, latest 3.167e+10 (+0.5%)",operating_cash_flow,
restated,info,WMT,"total_assets FY2010: first reported 1.707e+11, latest 1.704e+11 (-0.2%)",total_assets,
restated,info,WMT,"total_assets FY2011: first reported 1.807e+11, latest 1.808e+11 (+0.1%)",total_assets,
restated,info,WMT,"total_assets FY2014: first reported 2.048e+11, latest 2.045e+11 (-0.1%)",total_assets,
restated,info,WMT,"total_assets FY2015: first reported 2.037e+11, latest 2.035e+11 (-0.1%)",total_assets,
restated,info,WMT,"total_equity FY2008: first reported 6.655e+10, latest 6.625e+10 (-0.4%)",total_equity,
restated,info,WMT,"total_equity FY2010: first reported 7.075e+10, latest 7.047e+10 (-0.4%)",total_equity,
restated,info,PG,"revenue FY2010: first reported 7.894e+10, latest 7.757e+10 (-1.7%)",revenue,
restated,info,PG,"revenue FY2011: first reported 8.256e+10, latest 8.11e+10 (-1.8%)",revenue,
restated,info,PG,"revenue FY2015: first reported 7.628e+10, latest 7.075e+10 (-7.2%)",revenue,
restated,info,PG,"operating_income FY2010: first reported 1.602e+10, latest 1.573e+10 (-1.8%)",operating_income,
restated,info,PG,"operating_income FY2011: first reported 1.582e+10, latest 1.55e+10 (-2.0%)",operating_income,
restated,info,PG,"operating_income FY2012: first reported 1.329e+10, latest 1.304e+10 (-1.9%)",operating_income,
restated,info,PG,"operating_income FY2013: first reported 1.448e+10, latest 1.382e+10 (-4.6%)",operating_income,
restated,info,PG,"operating_income FY2014: first reported 1.529e+10, latest 1.391e+10 (-9.0%)",operating_income,
restated,info,PG,"operating_income FY2015: first reported 1.179e+10, latest 1.105e+10 (-6.3%)",operating_income,
restated,info,PG,"operating_income FY2017: first reported 1.396e+10, latest 1.377e+10 (-1.4%)",operating_income,
restated,info,PG,"operating_income FY2018: first reported 1.371e+10, latest 1.336e+10 (-2.5%)",operating_income,
restated,info,PG,"operating_cash_flow FY2010: first reported 1.607e+10, latest 1.613e+10 (+0.4%)",operating_cash_flow,
restated,info,PG,"operating_cash_flow FY2011: first reported 1.323e+10, latest 1.333e+10 (+0.7%)",operating_cash_flow,
restated,info,KO,"revenue FY2017: first reported 3.541e+10, latest 3.621e+10 (+2.3%)",revenue,
restated,info,KO,"revenue FY2018: first reported 3.186e+10, latest 3.43e+10 (+7.7%)",revenue,
restated,info,KO,"operating_income FY2010: first reported 8.449e+09, latest 8.413e+09 (-0.4%)",operating_income,
restated,info,KO,"operating_income FY2011: first reported 1.015e+10, latest 1.017e+10 (+0.2%)",operating_income,
restated,info,KO,"operating_income FY2016: first reported 8.626e+09, latest 8.657e+09 (+0.4%)",operating_income,
restated,info,KO,"operating_income FY2017: first reported 7.501e+09, latest 7.755e+09 (+3.4%)",operating_income,
restated,info,KO,"operating_income FY2018: first reported 8.7e+09, latest 9.152e+09 (+5.2%)",operating_income,
restated,info,KO,"net_income FY2010: first reported 1.181e+10, latest 1.179e+10 (-0.2%)",net_income,
restated,info,KO,"net_income FY2011: first reported 8.572e+09, latest 8.584e+09 (+0.1%)",net_income,
restated,info,KO,"eps_diluted FY2010: first reported 5.06, latest 2.53 (-50.0%)",eps_diluted,
restated,info,KO,"eps_diluted FY2011: first reported 3.69, latest 1.85 (-49.9%)",eps_diluted,
restated,info,KO,"diluted_shares FY2010: first reported 2.333e+09, latest 4.667e+09 (+100.0%)",diluted_shares,
restated,info,KO,"diluted_shares FY2011: first reported 2.323e+09, latest 4.646e+09 (+100.0%)",diluted_shares,
restated,info,KO,"operating_cash_flow FY2016: first reported 8.796e+09, latest 8.792e+09 (-0.0%)",operating_cash_flow,
restated,info,KO,"operating_cash_flow FY2017: first reported 6.995e+09, latest 7.041e+09 (+0.7%)",operating_cash_flow,
restated,info,KO,"operating_cash_flow FY2018: first reported 7.32e+09, latest 7.627e+09 (+4.2%)",operating_cash_flow,
restated,info,KO,"total_assets FY2015: first reported 9.009e+10, latest 9e+10 (-0.1%)",total_assets,
restated,info,JPM,"revenue FY2013: first reported 9.661e+10, latest 9.737e+10 (+0.8%)",revenue,
restated,info,JPM,"revenue FY2014: first reported 9.42e+10, latest 9.511e+10 (+1.0%)",revenue,
restated,info,JPM,"revenue FY2016: first reported 9.567e+10, latest 9.657e+10 (+0.9%)",revenue,
restated,info,JPM,"revenue FY2017: first reported 9.962e+10, latest 1.007e+11 (+1.1%)",revenue,
restated,info,JPM,"revenue FY2018: first reported 1.09e+11, latest 1.088e+11 (-0.2%)",revenue,
restated,info,JPM,"revenue FY2019: first reported 1.156e+11, latest 1.157e+11 (+0.1%)",revenue,
restated,info,JPM,"revenue FY2020: first reported 1.195e+11, latest 1.2e+11 (+0.3%)",revenue,
restated,info,JPM,"net_income FY2013: first reported 1.792e+10, latest 1.789e+10 (-0.2%)",net_income,
restated,info,JPM,"net_income FY2014: first reported 2.176e+10, latest 2.174e+10 (-0.1%)",net_income,
restated,info,JPM,"eps_diluted FY2013: first reported 4.35, latest 4.34 (-0.2%)",eps_diluted,
restated,info,JPM,"diluted_shares FY2008: first reported 3.522e+09, latest 3.522e+09 (-0.0%)",diluted_shares,
restated,info,JPM,"diluted_shares FY2009: first reported 3.88e+09, latest 3.88e+09 (-0.0%)",diluted_shares,
restated,info,JPM,"diluted_shares FY2015: first reported 3.733e+09, latest 3.774e+09 (+1.1%)",diluted_shares,
restated,info,JPM,"diluted_shares FY2016: first reported 3.65e+09, latest 3.69e+09 (+1.1%)",diluted_shares,
restated,info,JPM,"operating_cash_flow FY2008: first reported 2.31e+10, latest 2.393e+10 (+3.6%)",operating_cash_flow,
restated,info,JPM,"operating_cash_flow FY2009: first reported 1.219e+11, latest 1.228e+11 (+0.7%)",operating_cash_flow,
restated,info,JPM,"operating_cash_flow FY2016: first reported 2.02e+10, latest 2.188e+10 (+8.4%)",operating_cash_flow,
restated,info,JPM,"operating_cash_flow FY2017: first reported -2.501e+09, latest -1.083e+10 (+332.9%)",operating_cash_flow,
restated,info,JPM,"operating_cash_flow FY2018: first reported 1.419e+10, latest 1.561e+10 (+10.1%)",operating_cash_flow,
restated,info,JPM,"operating_cash_flow FY2019: first reported 6.046e+09, latest 4.092e+09 (-32.3%)",operating_cash_flow,
restated,info,JPM,"total_assets FY2009: first reported 2.032e+12, latest 2.12e+12 (+4.3%)",total_assets,
restated,info,JPM,"total_assets FY2013: first reported 2.416e+12, latest 2.415e+12 (-0.0%)",total_assets,
restated,info,JPM,"total_assets FY2014: first reported 2.573e+12, latest 2.572e+12 (-0.0%)",total_assets,
restated,info,JPM,"total_assets FY2019: first reported 2.687e+12, latest 2.686e+12 (-0.0%)",total_assets,
restated,info,JPM,"total_assets FY2020: first reported 3.386e+12, latest 3.385e+12 (-0.0%)",total_assets,
restated,info,JPM,"total_equity FY2009: first reported 1.654e+11, latest 1.608e+11 (-2.7%)",total_equity,
restated,info,JPM,"total_equity FY2014: first reported 2.321e+11, latest 2.317e+11 (-0.1%)",total_equity,
restated,info,GS,"revenue FY2016: first reported 3.061e+10, latest 3.079e+10 (+0.6%)",revenue,
restated,info,GS,"revenue FY2017: first reported 3.207e+10, latest 3.273e+10 (+2.0%)",revenue,
restated,info,GS,"operating_cash_flow FY2010: first reported -6.157e+09, latest -5.357e+09 (-13.0%)",operating_cash_flow,
restated,info,GS,"operating_cash_flow FY2011: first reported 2.164e+10, latest 2.25e+10 (+4.0%)",operating_cash_flow,
restated,info,GS,"operating_cash_flow FY2014: first reported -7.623e+09, latest -7.932e+09 (+4.1%)",operating_cash_flow,
restated,info,GS,"operating_cash_flow FY2015: first reported 6.961e+09, latest 9.481e+09 (+36.2%)",operating_cash_flow,
restated,info,GS,"operating_cash_flow FY2017: first reported -1.823e+10, latest -2.049e+10 (+12.4%)",operating_cash_flow,
restated,info,GS,"operating_cash_flow FY2018: first reported 2.042e+10, latest 1.656e+10 (-18.9%)",operating_cash_flow,
restated,info,GS,"operating_cash_flow FY2020: first reported -1.373e+10, latest -1.854e+10 (+35.0%)",operating_cash_flow,
restated,info,GS,"operating_cash_flow FY2021: first reported 9.21e+08, latest 6.298e+09 (+583.8%)",operating_cash_flow,
restated,info,GS,"total_assets FY2013: first reported 9.115e+11, latest 9.111e+11 (-0.0%)",total_assets,
restated,info,GS,"total_assets FY2014: first reported 8.562e+11, latest 8.558e+11 (-0.0%)",total_assets,
restated,info,V,"operating_cash_flow FY2017: first reported 9.208e+09, latest 9.317e+09 (+1.2%)",operating_cash_flow,
restated,info,V,"operating_cash_flow FY2018: first reported 1.271e+10, latest 1.294e+10 (+1.8%)",operating_cash_flow,
restated,info,V,"total_assets FY2015: first reported 4.024e+10, latest 3.937e+10 (-2.2%)",total_assets,
restated,info,JNJ,"revenue FY2021: first reported 9.378e+10, latest 7.874e+10 (-16.0%)",revenue,
restated,info,JNJ,"revenue FY2022: first reported 9.494e+10, latest 7.999e+10 (-15.7%)",revenue,
restated,info,JNJ,"operating_cash_flow FY2014: first reported 1.847e+10, latest 1.871e+10 (+1.3%)",operating_cash_flow,
restated,info,JNJ,"operating_cash_flow FY2015: first reported 1.928e+10, latest 1.957e+10 (+1.5%)",operating_cash_flow,
restated,info,JNJ,"total_assets FY2014: first reported 1.311e+11, latest 1.304e+11 (-0.6%)",total_assets,
restated,info,UNH,"total_assets FY2014: first reported 8.638e+10, latest 8.63e+10 (-0.1%)",total_assets,
restated,info,UNH,"total_assets FY2015: first reported 1.114e+11, latest 1.113e+11 (-0.1%)",total_assets,
restated,info,PFE,"revenue FY2009: first reported 5.001e+10, latest 4.927e+10 (-1.5%)",revenue,
restated,info,PFE,"revenue FY2010: first reported 6.781e+10, latest 6.516e+10 (-3.9%)",revenue,
restated,info,PFE,"revenue FY2011: first reported 6.742e+10, latest 6.104e+10 (-9.5%)",revenue,
restated,info,PFE,"revenue FY2012: first reported 5.899e+10, latest 5.466e+10 (-7.3%)",revenue,
restated,info,PFE,"revenue FY2018: first reported 5.365e+10, latest 4.082e+10 (-23.9%)",revenue,
restated,info,PFE,"revenue FY2019: first reported 5.175e+10, latest 4.09e+10 (-21.0%)",revenue,
restated,info,PFE,"revenue FY2022: first reported 1.003e+11, latest 1.012e+11 (+0.8%)",revenue,
restated,info,PFE,"revenue FY2023: first reported 5.85e+10, latest 5.955e+10 (+1.8%)",revenue,
restated,info,PFE,"net_income FY2019: first reported 1.627e+10, latest 1.603e+10 (-1.5%)",net_income,
restated,info,PFE,"net_income FY2020: first reported 9.616e+09, latest 9.159e+09 (-4.8%)",net_income,
restated,info,PFE,"eps_diluted FY2019: first reported 2.87, latest 2.82 (-1.7%)",eps_diluted,
restated,info,PFE,"eps_diluted FY2020: first reported 1.71, latest 1.63 (-4.7%)",eps_diluted,
restated,info,PFE,"operating_cash_flow FY2012: first reported 1.705e+10, latest 1.675e+10 (-1.8%)",operating_cash_flow,
restated,info,PFE,"operating_cash_flow FY2013: first reported 1.776e+10, latest 1.768e+10 (-0.5%)",operating_cash_flow,
restated,info,PFE,"operating_cash_flow FY2014: first reported 1.688e+10, latest 1.708e+10 (+1.2%)",operating_cash_flow,
restated,info,PFE,"operating_cash_flow FY2015: first reported 1.451e+10, latest 1.469e+10 (+1.2%)",operating_cash_flow,
restated,info,PFE,"operating_cash_flow FY2016: first reported 1.59e+10, latest 1.619e+10 (+1.8%)",operating_cash_flow,
restated,info,PFE,"operating_cash_flow FY2017: first reported 1.647e+10, latest 1.68e+10 (+2.0%)",operating_cash_flow,
restated,info,PFE,"total_assets FY2014: first reported 1.693e+11, latest 1.676e+11 (-1.0%)",total_assets,
restated,info,PFE,"total_assets FY2015: first reported 1.675e+11, latest 1.674e+11 (-0.0%)",total_assets,
restated,info,PFE,"total_assets FY2019: first reported 1.675e+11, latest 1.676e+11 (+0.1%)",total_assets,
restated,info,XOM,"revenue FY2012: first reported 4.531e+11, latest 4.515e+11 (-0.4%)",revenue,
restated,info,XOM,"revenue FY2015: first reported 2.595e+11, latest 2.399e+11 (-7.6%)",revenue,
restated,info,XOM,"revenue FY2016: first reported 2.186e+11, latest 2.006e+11 (-8.2%)",revenue,
restated,info,XOM,"revenue FY2017: first reported 2.372e+11, latest 2.444e+11 (+3.0%)",revenue,
restated,info,XOM,"revenue FY2018: first reported 2.793e+11, latest 2.902e+11 (+3.9%)",revenue,
restated,info,CVX,"operating_cash_flow FY2010: first reported 3.136e+10, latest 3.135e+10 (-0.0%)",operating_cash_flow,
restated,info,CVX,"operating_cash_flow FY2011: first reported 4.11e+10, latest 4.11e+10 (-0.0%)",operating_cash_flow,
restated,info,CVX,"operating_cash_flow FY2016: first reported 1.285e+10, latest 1.269e+10 (-1.2%)",operating_cash_flow,
restated,info,CVX,"operating_cash_flow FY2017: first reported 2.052e+10, latest 2.034e+10 (-0.9%)",operating_cash_flow,
restated,info,CVX,"total_assets FY2015: first reported 2.661e+11, latest 2.645e+11 (-0.6%)",total_assets,
restated,info,COP,"revenue FY2020: first reported 1.926e+10, latest 1.878e+10 (-2.5%)",revenue,
restated,info,COP,"revenue FY2021: first reported 4.835e+10, latest 4.583e+10 (-5.2%)",revenue,
restated,info,COP,"net_income FY2008: first reported -1.7e+10, latest -1.635e+10 (-3.8%)",net_income,
restated,info,COP,"net_income FY2009: first reported 4.858e+09, latest 4.414e+09 (-9.1%)",net_income,
restated,info,COP,"eps_diluted FY2008: first reported -11.16, latest -10.73 (-3.9%)",eps_diluted,
restated,info,COP,"eps_diluted FY2009: first reported 3.24, latest 2.94 (-9.3%)",eps_diluted,
restated,info,COP,"diluted_shares FY2010: first reported 1.491e+09, latest 1.491e+06 (-99.9%)",diluted_shares,
restated,info,COP,"diluted_shares FY2011: first reported 1.387e+09, latest 1.387e+06 (-99.9%)",diluted_shares,
restated,info,COP,"diluted_shares FY2020: first reported 1.078e+06, latest 1.078e+09 (+99900.0%)",diluted_shares,
restated,info,COP,"diluted_shares FY2021: first reported 1.328e+06, latest 1.328e+09 (+99900.0%)",diluted_shares,
restated,info,COP,"operating_cash_flow FY2013: first reported 1.609e+10, latest 1.614e+10 (+0.3%)",operating_cash_flow,
restated,info,COP,"operating_cash_flow FY2014: first reported 1.674e+10, latest 1.657e+10 (-1.0%)",operating_cash_flow,
restated,info,COP,"total_assets FY2009: first reported 1.526e+11, latest 1.521e+11 (-0.3%)",total_assets,
restated,info,COP,"total_equity FY2007: first reported 9.016e+10, latest 8.951e+10 (-0.7%)",total_equity,
restated,info,COP,"total_equity FY2009: first reported 6.247e+10, latest 6.202e+10 (-0.7%)",total_equity,
restated,info,COP,"total_equity FY2011: first reported 6.522e+10, latest 6.524e+10 (+0.0%)",total_equity,
restated,info,CAT,"operating_income FY2014: first reported 5.328e+09, latest 3.314e+09 (-37.8%)",operating_income,
restated,info,CAT,"operating_income FY2015: first reported 3.256e+09, latest 3.785e+09 (+16.2%)",operating_income,
restated,info,CAT,"operating_income FY2016: first reported 4.98e+08, latest 1.162e+09 (+133.3%)",operating_income,
restated,info,CAT,"operating_income FY2017: first reported 4.406e+09, latest 4.46e+09 (+1.2%)",operating_income,
restated,info,CAT,"net_income FY2014: first reported 3.695e+09, latest 2.452e+09 (-33.6%)",net_income,
restated,info,CAT,"net_income FY2015: first reported 2.102e+09, latest 2.512e+09 (+19.5%)",net_income,
restated,info,CAT,"eps_diluted FY2014: first reported 5.88, latest 3.9 (-33.7%)",eps_diluted,
restated,info,CAT,"eps_diluted FY2015: first reported 3.5, latest 4.18 (+19.4%)",eps_diluted,
restated,info,CAT,"operating_cash_flow FY2008: first reported 4.797e+09, latest 4.672e+09 (-2.6%)",operating_cash_flow,
restated,info,CAT,"operating_cash_flow FY2009: first reported 6.343e+09, latest 6.499e+09 (+2.5%)",operating_cash_flow,
restated,info,CAT,"operating_cash_flow FY2011: first reported 7.01e+09, latest 6.957e+09 (-0.8%)",operating_cash_flow,
restated,info,CAT,"operating_cash_flow FY2012: first reported 5.241e+09, latest 5.184e+09 (-1.1%)",operating_cash_flow,
restated,info,CAT,"operating_cash_flow FY2015: first reported 6.675e+09, latest 6.699e+09 (+0.4%)",operating_cash_flow,
restated,info,CAT,"operating_cash_flow FY2016: first reported 5.608e+09, latest 5.639e+09 (+0.6%)",operating_cash_flow,
restated,info,CAT,"total_assets FY2011: first reported 8.145e+10, latest 8.122e+10 (-0.3%)",total_assets,
restated,info,CAT,"total_assets FY2012: first reported 8.936e+10, latest 8.897e+10 (-0.4%)",total_assets,
restated,info,CAT,"total_assets FY2014: first reported 8.468e+10, latest 8.45e+10 (-0.2%)",total_assets,
restated,info,CAT,"total_assets FY2015: first reported 7.85e+10, latest 7.834e+10 (-0.2%)",total_assets,
restated,info,CAT,"total_equity FY2007: first reported 8.996e+09, latest 8.98e+09 (-0.2%)",total_equity,
restated,info,CAT,"total_equity FY2009: first reported 8.823e+09, latest 8.82e+09 (-0.0%)",total_equity,
restated,info,CAT,"total_equity FY2016: first reported 1.321e+10, latest 1.323e+10 (+0.1%)",total_equity,
restated,info,CAT,"total_equity FY2017: first reported 1.377e+10, latest 1.377e+10 (+0.0%)",total_equity,
restated,info,CAT,"total_equity FY2018: first reported 1.408e+10, latest 1.408e+10 (+0.0%)",total_equity,
restated,info,HON,"revenue FY2009: first reported 3.091e+10, latest 2.995e+10 (-3.1%)",revenue,
restated,info,HON,"revenue FY2010: first reported 3.337e+10, latest 3.235e+10 (-3.1%)",revenue,
restated,info,HON,"revenue FY2023: first reported 3.666e+10, latest 3.301e+10 (-10.0%)",revenue,
restated,info,HON,"revenue FY2024: first reported 3.85e+10, latest 3.472e+10 (-9.8%)",revenue,
restated,info,HON,"operating_income FY2023: first reported 8.598e+09, latest 7.563e+09 (-12.0%)",operating_income,
restated,info,HON,"operating_income FY2024: first reported 8.699e+09, latest 7.667e+09 (-11.9%)",operating_income,
restated,info,HON,"net_income FY2008: first reported 2.792e+09, latest 8.06e+08 (-71.1%)",net_income,
restated,info,HON,"net_income FY2009: first reported 2.153e+09, latest 1.548e+09 (-28.1%)",net_income,
restated,info,HON,"net_income FY2016: first reported 4.809e+09, latest 4.812e+09 (+0.1%)",net_income,
restated,info,HON,"net_income FY2017: first reported 1.655e+09, latest 1.545e+09 (-6.6%)",net_income,
restated,info,HON,"eps_diluted FY2008: first reported 3.76, latest 1.08 (-71.3%)",eps_diluted,
restated,info,HON,"eps_diluted FY2009: first reported 2.85, latest 2.05 (-28.1%)",eps_diluted,
restated,info,HON,"eps_diluted FY2016: first reported 6.2, latest 6.21 (+0.2%)",eps_diluted,
restated,info,HON,"eps_diluted FY2017: first reported 2.14, latest 2 (-6.5%)",eps_diluted,
restated,info,HON,"operating_cash_flow FY2014: first reported 5.024e+09, latest 5.08e+09 (+1.1%)",operating_cash_flow,
restated,info,HON,"total_assets FY2009: first reported 3.6e+10, latest 3.599e+10 (-0.0%)",total_assets,
restated,info,HON,"total_assets FY2016: first reported 5.415e+10, latest 5.457e+10 (+0.8%)",total_assets,
restated,info,HON,"total_assets FY2017: first reported 5.939e+10, latest 5.947e+10 (+0.1%)",total_assets,
restated,info,HON,"total_equity FY2009: first reported 8.844e+09, latest 8.861e+09 (+0.2%)",total_equity,
restated,info,HON,"total_equity FY2017: first reported 1.728e+10, latest 1.65e+10 (-4.5%)",total_equity,
restated,info,DE,"revenue FY2017: first reported 2.974e+10, latest 2.974e+10 (+0.0%)",revenue,
restated,info,DE,"revenue FY2018: first reported 3.736e+10, latest 3.736e+10 (+0.0%)",revenue,
restated,info,DE,"operating_income FY2016: first reported 2.589e+09, latest 2.609e+09 (+0.8%)",operating_income,
restated,info,DE,"operating_income FY2017: first reported 3.543e+09, latest 3.574e+09 (+0.9%)",operating_income,
restated,info,DE,"net_income FY2017: first reported 2.159e+09, latest 2.159e+09 (-0.0%)",net_income,
restated,info,DE,"net_income FY2018: first reported 2.368e+09, latest 2.368e+09 (-0.0%)",net_income,
restated,info,DE,"operating_cash_flow FY2017: first reported 2.2e+09, latest 2.196e+09 (-0.2%)",operating_cash_flow,
restated,info,DE,"operating_cash_flow FY2018: first reported 1.82e+09, latest 1.822e+09 (+0.1%)",operating_cash_flow,
restated,info,DE,"total_assets FY2008: first reported 3.873e+10, latest 3.874e+10 (+0.0%)",total_assets,
restated,info,DE,"total_assets FY2009: first reported 4.113e+10, latest 4.113e+10 (+0.0%)",total_assets,
restated,info,DE,"total_assets FY2010: first reported 4.327e+10, latest 4.327e+10 (+0.0%)",total_assets,
restated,info,DE,"total_assets FY2011: first reported 4.821e+10, latest 4.821e+10 (-0.0%)",total_assets,
restated,info,DE,"total_assets FY2012: first reported 5.627e+10, latest 5.627e+10 (+0.0%)",total_assets,
restated,info,DE,"total_assets FY2013: first reported 5.952e+10, latest 5.952e+10 (-0.0%)",total_assets,
restated,info,DE,"total_assets FY2014: first reported 6.134e+10, latest 6.134e+10 (-0.0%)",total_assets,
restated,info,DE,"total_assets FY2015: first reported 5.795e+10, latest 5.788e+10 (-0.1%)",total_assets,
restated,info,DE,"total_assets FY2016: first reported 5.798e+10, latest 5.792e+10 (-0.1%)",total_assets,
restated,info,DE,"total_assets FY2017: first reported 6.579e+10, latest 6.579e+10 (-0.0%)",total_assets,
restated,info,DE,"total_equity FY2018: first reported 1.129e+10, latest 1.129e+10 (+0.0%)",total_equity,
restated,info,NEE,"revenue FY2016: first reported 1.616e+10, latest 1.614e+10 (-0.1%)",revenue,
restated,info,NEE,"revenue FY2017: first reported 1.72e+10, latest 1.717e+10 (-0.1%)",revenue,
restated,info,NEE,"operating_income FY2010: first reported 3.243e+09, latest 3.227e+09 (-0.5%)",operating_income,
restated,info,NEE,"operating_income FY2011: first reported 3.378e+09, latest 3.261e+09 (-3.5%)",operating_income,
restated,info,NEE,"operating_income FY2016: first reported 4.608e+09, latest 4.459e+09 (-3.2%)",operating_income,
restated,info,NEE,"operating_income FY2017: first reported 5.326e+09, latest 5.173e+09 (-2.9%)",operating_income,
restated,info,NEE,"net_income FY2016: first reported 2.912e+09, latest 2.906e+09 (-0.2%)",net_income,
restated,info,NEE,"net_income FY2017: first reported 5.378e+09, latest 5.38e+09 (+0.0%)",net_income,
restated,info,NEE,"eps_diluted FY2016: first reported 6.25, latest 6.24 (-0.2%)",eps_diluted,
restated,info,NEE,"eps_diluted FY2017: first reported 11.38, latest 11.39 (+0.1%)",eps_diluted,
split_adjusted,info,NEE,"eps_diluted FY2018: first reported 13.88, latest 3.47 (-75.0%)",eps_diluted,
split_adjusted,info,NEE,"eps_diluted FY2019: first reported 7.76, latest 1.94 (-75.0%)",eps_diluted,
split_adjusted,info,NEE,"diluted_shares FY2018: first reported 4.77e+08, latest 1.908e+09 (+300.0%)",diluted_shares,
split_adjusted,info,NEE,"diluted_shares FY2019: first reported 4.855e+08, latest 1.942e+09 (+300.0%)",diluted_shares,
restated,info,NEE,"operating_cash_flow FY2015: first reported 6.116e+09, latest 6.089e+09 (-0.4%)",operating_cash_flow,
restated,info,NEE,"operating_cash_flow FY2016: first reported 6.336e+09, latest 6.369e+09 (+0.5%)",operating_cash_flow,
restated,info,NEE,"operating_cash_flow FY2017: first reported 6.413e+09, latest 6.458e+09 (+0.7%)",operating_cash_flow,
restated,info,NEE,"total_assets FY2013: first reported 6.931e+10, latest 6.901e+10 (-0.4%)",total_assets,
restated,info,NEE,"total_assets FY2014: first reported 7.493e+10, latest 7.46e+10 (-0.4%)",total_assets,
restated,info,NEE,"total_assets FY2016: first reported 8.999e+10, latest 9.047e+10 (+0.5%)",total_assets,
restated,info,NEE,"total_assets FY2017: first reported 9.783e+10, latest 9.796e+10 (+0.1%)",total_assets,
restated,info,NEE,"total_equity FY2017: first reported 2.821e+10, latest 2.824e+10 (+0.1%)",total_equity,
restated,info,DUK,"revenue FY2013: first reported 2.46e+10, latest 2.276e+10 (-7.5%)",revenue,
restated,info,DUK,"revenue FY2014: first reported 2.392e+10, latest 2.251e+10 (-5.9%)",revenue,
restated,info,DUK,"revenue FY2020: first reported 2.387e+10, latest 2.337e+10 (-2.1%)",revenue,
restated,info,DUK,"revenue FY2021: first reported 2.51e+10, latest 2.462e+10 (-1.9%)",revenue,
restated,info,DUK,"operating_income FY2012: first reported 3.126e+09, latest 2.911e+09 (-6.9%)",operating_income,
restated,info,DUK,"operating_income FY2013: first reported 4.982e+09, latest 4.854e+09 (-2.6%)",operating_income,
restated,info,DUK,"operating_income FY2014: first reported 5.258e+09, latest 4.842e+09 (-7.9%)",operating_income,
restated,info,DUK,"operating_income FY2015: first reported 5.367e+09, latest 5.078e+09 (-5.4%)",operating_income,
restated,info,DUK,"operating_income FY2016: first reported 5.341e+09, latest 5.202e+09 (-2.6%)",operating_income,
restated,info,DUK,"operating_income FY2017: first reported 5.781e+09, latest 5.625e+09 (-2.7%)",operating_income,
restated,info,DUK,"operating_income FY2020: first reported 4.553e+09, latest 4.571e+09 (+0.4%)",operating_income,
restated,info,DUK,"operating_income FY2021: first reported 5.373e+09, latest 5.5e+09 (+2.4%)",operating_income,
restated,info,DUK,"eps_diluted FY2010: first reported 1, latest 3 (+200.0%)",eps_diluted,
restated,info,DUK,"eps_diluted FY2011: first reported 1.28, latest 3.83 (+199.2%)",eps_diluted,
restated,info,DUK,"diluted_shares FY2010: first reported 1.319e+09, latest 4.4e+08 (-66.6%)",diluted_shares,
restated,info,DUK,"diluted_shares FY2011: first reported 1.333e+09, latest 4.44e+08 (-66.7%)",diluted_shares,
restated,info,DUK,"operating_cash_flow FY2015: first reported 6.676e+09, latest 6.7e+09 (+0.4%)",operating_cash_flow,
restated,info,DUK,"operating_cash_flow FY2016: first reported 6.798e+09, latest 6.863e+09 (+1.0%)",operating_cash_flow,
restated,info,DUK,"operating_cash_flow FY2017: first reported 6.634e+09, latest 6.624e+09 (-0.2%)",operating_cash_flow,
restated,info,DUK,"total_assets FY2014: first reported 1.207e+11, latest 1.206e+11 (-0.1%)",total_assets,
restated,info,SO,"operating_income FY2016: first reported 4.629e+09, latest 4.486e+09 (-3.1%)",operating_income,
restated,info,SO,"operating_income FY2017: first reported 2.551e+09, latest 2.333e+09 (-8.5%)",operating_income,
restated,info,SO,"operating_cash_flow FY2017: first reported 6.395e+09, latest 6.394e+09 (-0.0%)",operating_cash_flow,
restated,info,SO,"total_assets FY2013: first reported 6.455e+10, latest 6.426e+10 (-0.4%)",total_assets,
restated,info,SO,"total_assets FY2014: first reported 7.092e+10, latest 7.023e+10 (-1.0%)",total_assets,
restated,info,LIN,"revenue FY2017: first reported 1.144e+10, latest 1.136e+10 (-0.7%)",revenue,
restated,info,LIN,"revenue FY2018: first reported 1.49e+10, latest 1.484e+10 (-0.4%)",revenue,
restated,info,LIN,"total_assets FY2017: first reported 9.214e+06, latest 2.044e+10 (+221682.7%)",total_assets,
restated,info,LIN,"total_equity FY2017: first reported -1.932e+06, latest 6.018e+09 (-311615.7%)",total_equity,
restated,info,SHW,"revenue FY2016: first reported 1.186e+10, latest 1.186e+10 (-0.0%)",revenue,
restated,info,SHW,"revenue FY2017: first reported 1.498e+10, latest 1.498e+10 (-0.0%)",revenue,
restated,info,SHW,"revenue FY2018: first reported 1.753e+10, latest 1.753e+10 (+0.0%)",revenue,
restated,info,SHW,"operating_income FY2017: first reported 2.294e+09, latest 2.235e+09 (-2.6%)",operating_income,
restated,info,SHW,"operating_income FY2018: first reported 2.611e+09, latest 2.612e+09 (+0.0%)",operating_income,
restated,info,SHW,"net_income FY2017: first reported 1.772e+09, latest 1.728e+09 (-2.5%)",net_income,
restated,info,SHW,"net_income FY2018: first reported 1.109e+09, latest 1.109e+09 (-0.0%)",net_income,
restated,info,SHW,"eps_diluted FY2014: first reported 8.78, latest 8.77 (-0.1%)",eps_diluted,
restated,info,SHW,"eps_diluted FY2015: first reported 11.16, latest 11.15 (-0.1%)",eps_diluted,
restated,info,SHW,"eps_diluted FY2017: first reported 18.67, latest 18.2 (-2.5%)",eps_diluted,
split_adjusted,info,SHW,"eps_diluted FY2019: first reported 16.49, latest 5.5 (-66.6%)",eps_diluted,
split_adjusted,info,SHW,"eps_diluted FY2020: first reported 22.08, latest 7.36 (-66.7%)",eps_diluted,
restated,info,SHW,"diluted_shares FY2008: first reported 1.193e+11, latest 1.182e+08 (-99.9%)",diluted_shares,
restated,info,SHW,"diluted_shares FY2009: first reported 1.154e+11, latest 1.145e+08 (-99.9%)",diluted_shares,
restated,info,SHW,"diluted_shares FY2014: first reported 9.808e+07, latest 9.874e+07 (+0.7%)",diluted_shares,
restated,info,SHW,"diluted_shares FY2015: first reported 9.402e+07, latest 9.454e+07 (+0.6%)",diluted_shares,
split_adjusted,info,SHW,"diluted_shares FY2019: first reported 9.345e+07, latest 2.803e+08 (+200.0%)",diluted_shares,
split_adjusted,info,SHW,"diluted_shares FY2020: first reported 9.194e+07, latest 2.758e+08 (+200.0%)",diluted_shares,
restated,info,SHW,"operating_cash_flow FY2017: first reported 1.884e+09, latest 1.884e+09 (+0.0%)",operating_cash_flow,
restated,info,SHW,"total_assets FY2014: first reported 5.706e+09, latest 5.699e+09 (-0.1%)",total_assets,
restated,info,SHW,"total_assets FY2015: first reported 5.792e+09, latest 5.779e+09 (-0.2%)",total_assets,
restated,info,SHW,"total_assets FY2017: first reported 1.996e+10, latest 1.99e+10 (-0.3%)",total_assets,
restated,info,SHW,"total_assets FY2018: first reported 1.913e+10, latest 1.913e+10 (+0.0%)",total_assets,
restated,info,SHW,"total_equity FY2016: first reported 1.878e+09, latest 1.878e+09 (-0.0%)",total_equity,
restated,info,SHW,"total_equity FY2017: first reported 3.692e+09, latest 3.648e+09 (-1.2%)",total_equity,
restated,info,SHW,"total_equity FY2018: first reported 3.731e+09, latest 3.731e+09 (-0.0%)",total_equity,
restated,info,APD,"revenue FY2010: first reported 9.026e+09, latest 8.616e+09 (-4.5%)",revenue,
restated,info,APD,"revenue FY2011: first reported 1.008e+10, latest 9.674e+09 (-4.0%)",revenue,
restated,info,APD,"revenue FY2015: first reported 9.895e+09, latest 7.824e+09 (-20.9%)",revenue,
restated,info,APD,"operating_income FY2010: first reported 1.389e+09, latest 1.268e+09 (-8.7%)",operating_income,
restated,info,APD,"operating_income FY2011: first reported 1.622e+09, latest 1.508e+09 (-7.0%)",operating_income,
restated,info,APD,"operating_income FY2014: first reported 1.328e+09, latest 1.339e+09 (+0.8%)",operating_income,
restated,info,APD,"operating_income FY2015: first reported 1.699e+09, latest 1.233e+09 (-27.4%)",operating_income,
restated,info,APD,"operating_income FY2016: first reported 2.106e+09, latest 1.535e+09 (-27.1%)",operating_income,
restated,info,APD,"operating_income FY2017: first reported 1.428e+09, latest 1.44e+09 (+0.9%)",operating_income,
restated,info,APD,"operating_cash_flow FY2008: first reported 1.68e+09, latest 1.659e+09 (-1.2%)",operating_cash_flow,
restated,info,APD,"operating_cash_flow FY2009: first reported 1.323e+09, latest 1.329e+09 (+0.5%)",operating_cash_flow,
restated,info,APD,"operating_cash_flow FY2014: first reported 2.186e+09, latest 2.19e+09 (+0.2%)",operating_cash_flow,
restated,info,APD,"operating_cash_flow FY2015: first reported 2.438e+09, latest 2.047e+09 (-16.0%)",operating_cash_flow,
restated,info,APD,"operating_cash_flow FY2016: first reported 2.707e+09, latest 2.259e+09 (-16.6%)",operating_cash_flow,
restated,info,APD,"operating_cash_flow FY2017: first reported 2.534e+09, latest 2.528e+09 (-0.2%)",operating_cash_flow,
restated,info,APD,"operating_cash_flow FY2018: first reported 2.555e+09, latest 2.547e+09 (-0.3%)",operating_cash_flow,
restated,info,APD,"total_assets FY2014: first reported 1.778e+10, latest 1.767e+10 (-0.6%)",total_assets,
restated,info,APD,"total_assets FY2015: first reported 1.744e+10, latest 1.732e+10 (-0.7%)",total_assets,
restated,info,APD,"total_assets FY2016: first reported 1.806e+10, latest 1.803e+10 (-0.1%)",total_assets,
restated,info,APD,"total_assets FY2018: first reported 1.918e+10, latest 1.918e+10 (+0.0%)",total_assets,
non_calendar_fiscal_year,info,AAPL,"fiscal year ends in month 9, labelled by end_year",,
non_calendar_fiscal_year,info,NVDA,"fiscal year ends in month 1, labelled by end_year",,
non_calendar_fiscal_year,info,HD,"fiscal year ends in month 1, labelled by start_year",,
non_calendar_fiscal_year,info,NKE,"fiscal year ends in month 5, labelled by end_year",,
non_calendar_fiscal_year,info,WMT,"fiscal year ends in month 1, labelled by end_year",,
non_calendar_fiscal_year,info,PG,"fiscal year ends in month 6, labelled by end_year",,
non_calendar_fiscal_year,info,V,"fiscal year ends in month 9, labelled by end_year",,
non_calendar_fiscal_year,info,DE,"fiscal year ends in month 10, labelled by end_year",,
non_calendar_fiscal_year,info,APD,"fiscal year ends in month 9, labelled by end_year",,
missing_quarters,warn,GOOGL,revenue FY2019: only 3 of 4 quarters,revenue,
missing_quarters,warn,GOOGL,revenue FY2020: only 3 of 4 quarters,revenue,
missing_quarters,warn,GOOGL,revenue FY2021: only 3 of 4 quarters,revenue,
missing_quarters,warn,GOOGL,revenue FY2023: only 3 of 4 quarters,revenue,
missing_quarters,warn,JPM,revenue FY2019: only 3 of 4 quarters,revenue,
missing_quarters,warn,JPM,revenue FY2020: only 3 of 4 quarters,revenue,
missing_quarters,warn,JPM,revenue FY2021: only 3 of 4 quarters,revenue,
missing_quarters,warn,JPM,revenue FY2022: only 3 of 4 quarters,revenue,
missing_quarters,warn,JPM,revenue FY2023: only 3 of 4 quarters,revenue,
missing_quarters,warn,JPM,revenue FY2024: only 3 of 4 quarters,revenue,
missing_quarters,warn,PFE,revenue FY2020: only 3 of 4 quarters,revenue,
missing_quarters,warn,PFE,revenue FY2021: only 3 of 4 quarters,revenue,
missing_quarters,warn,V,revenue FY2020: only 3 of 4 quarters,revenue,
quarter_sum_mismatch,info,AAPL,"operating_income FY2009: quarters sum to 10,249,000,000 vs full year 11,740,000,000 (-12.70%) on latest figures, +21.30% as first reported",operating_income,
quarter_sum_mismatch,info,AMZN,"net_income FY2012: quarters sum to -40,000,000 vs full year -39,000,000 (+2.56%) on latest figures, -202.56% as first reported",net_income,
quarter_sum_mismatch,info,COP,"net_income FY2009: quarters sum to 4,346,000,000 vs full year 4,414,000,000 (-1.54%) on latest figures, -0.82% as first reported",net_income,
quarter_sum_mismatch,info,COP,"revenue FY2009: quarters sum to 150,523,000,000 vs full year 149,341,000,000 (+0.79%) on latest figures, +0.79% as first reported",revenue,
quarter_sum_mismatch,info,COP,"revenue FY2011: quarters sum to 105,796,000,000 vs full year 66,069,000,000 (+60.13%) on latest figures, +60.13% as first reported",revenue,
quarter_sum_mismatch,info,COP,"revenue FY2012: quarters sum to 60,917,000,000 vs full year 62,004,000,000 (-1.75%) on latest figures, -0.62% as first reported",revenue,
quarter_sum_mismatch,warn,DUK,"net_income FY2022: quarters sum to 2,536,000,000 vs full year 2,550,000,000 (-0.55%) on latest figures, -0.55% as first reported",net_income,
quarter_sum_mismatch,info,DUK,"operating_income FY2014: quarters sum to 5,258,000,000 vs full year 4,842,000,000 (+8.59%) on latest figures, -28.09% as first reported",operating_income,
quarter_sum_mismatch,info,DUK,"operating_income FY2016: quarters sum to 5,341,000,000 vs full year 5,202,000,000 (+2.67%) on latest figures, +0.88% as first reported",operating_income,
quarter_sum_mismatch,info,DUK,"revenue FY2014: quarters sum to 23,925,000,000 vs full year 22,509,000,000 (+6.29%) on latest figures, +2.52% as first reported",revenue,
quarter_sum_mismatch,warn,HON,"operating_income FY2024: quarters sum to 8,699,000,000 vs full year 7,667,000,000 (+13.46%) on latest figures, -0.84% as first reported",operating_income,
quarter_sum_mismatch,info,KO,"revenue FY2018: quarters sum to 32,880,000,000 vs full year 34,300,000,000 (-4.14%) on latest figures, +1.55% as first reported",revenue,
quarter_sum_mismatch,info,PFE,"revenue FY2012: quarters sum to 56,874,000,000 vs full year 54,657,000,000 (+4.06%) on latest figures, +0.88% as first reported",revenue,
quarter_sum_mismatch,info,PG,"operating_income FY2012: quarters sum to 13,292,000,000 vs full year 13,035,000,000 (+1.97%) on latest figures, +1.08% as first reported",operating_income,
quarter_sum_mismatch,info,PG,"operating_income FY2014: quarters sum to 14,740,000,000 vs full year 13,910,000,000 (+5.97%) on latest figures, +0.74% as first reported",operating_income,
quarter_sum_mismatch,info,PG,"revenue FY2012: quarters sum to 83,680,000,000 vs full year 28,400,000,000 (+194.65%) on latest figures, +197.39% as first reported",revenue,
quarter_sum_mismatch,info,PG,"revenue FY2013: quarters sum to 82,581,000,000 vs full year 29,200,000,000 (+182.81%) on latest figures, +188.24% as first reported",revenue,
quarter_sum_mismatch,info,PG,"revenue FY2014: quarters sum to 80,510,000,000 vs full year 29,400,000,000 (+173.84%) on latest figures, +186.40% as first reported",revenue,
derived_q4,info,,842 Q4 values derived from 10-K minus 9-month YTD (Q4 is never filed on its own),,
spinoff_recorded_as_split,warn,IBM,"2021-11-04: vendor split history has ratio 1.046, a spin-off price adjustment, not a share split",,
spinoff_recorded_as_split,warn,PFE,"2020-11-17: vendor split history has ratio 1.054, a spin-off price adjustment, not a share split",,
spinoff_recorded_as_split,warn,HON,"2018-10-01: vendor split history has ratio 1.011, a spin-off price adjustment, not a share split",,
spinoff_recorded_as_split,warn,HON,"2018-10-29: vendor split history has ratio 1.032, a spin-off price adjustment, not a share split",,
spinoff_recorded_as_split,warn,HON,"2025-10-30: vendor split history has ratio 1.061, a spin-off price adjustment, not a share split",,
spinoff_recorded_as_split,warn,HON,"2026-06-29: vendor split history has ratio 0.9535, a spin-off price adjustment, not a share split",,
split_adjustment,info,AAPL,"4-for-1 on 2020-08-31: adjusted close moved +3.4%, traded price ratio 3.87",,
split_adjustment,info,NVDA,"4-for-1 on 2021-07-20: adjusted close moved -0.9%, traded price ratio 4.04",,
split_adjustment,info,NVDA,"10-for-1 on 2024-06-10: adjusted close moved +0.7%, traded price ratio 9.93",,
split_adjustment,info,GOOGL,"20-for-1 on 2022-07-18: adjusted close moved -2.5%, traded price ratio 20.50",,
split_adjustment,info,NFLX,"10-for-1 on 2025-11-17: adjusted close moved -0.8%, traded price ratio 10.08",,
split_adjustment,info,AMZN,"20-for-1 on 2022-06-06: adjusted close moved +2.0%, traded price ratio 19.61",,
split_adjustment,info,WMT,"3-for-1 on 2024-02-26: adjusted close moved +1.8%, traded price ratio 2.95",,
split_adjustment,info,NEE,"4-for-1 on 2020-10-27: adjusted close moved +0.2%, traded price ratio 3.99",,
split_adjustment,info,SHW,"3-for-1 on 2021-04-01: adjusted close moved +1.5%, traded price ratio 2.95",,
earnings_gap,warn,LIN,182 days without an announcement before 2019-05-10,,
date_range,info,,"news: 384 posts, 2022-11-12 to 2022-12-13",,news
duplicate_text,warn,,news: 7 posts repeat an earlier post's text,,news
vader_not_reproducible,warn,,news: 66% of stored VADER scores differ from a re-run on the stored text by >0.2,,news
possible_off_topic,warn,,news: 79% of posts never mention their ticker or company name,,news
date_range,info,,"reddit: 56 posts, 2020-01-30 to 2022-12-09",,reddit
duplicate_text,warn,,reddit: 1 posts repeat an earlier post's text,,reddit
date_range,info,,"twitter: 86 posts, 2022-12-11 to 2022-12-14",,twitter
retweets,info,,twitter: 39 retweets,,twitter
possible_off_topic,warn,,twitter: 34% of posts never mention their ticker or company name,,twitter
