source,subset,window,scorer,n,spearman,direction_hit_rate,mean_abnormal_bps_positive,mean_abnormal_bps_negative,spread_bps,spread_p_value,n_ticker_days,spearman_ticker_day
google,all,reaction,roberta_large_fin,13358,0.17998519209667832,0.5748597081930416,43.53569846639523,-111.03627955620472,154.57197802259992,1.1286789017660738e-85,1674,0.21077414411338663
google,all,reaction,zeroshot_deberta,13358,0.21688353594059903,0.6129952456418384,74.59414490328064,-141.35107111150782,215.94521601478846,2.4456968619596507e-107,1674,0.25181557265827503
google,all,next_session,roberta_large_fin,13005,0.02834628509353747,0.5060449050086355,0.9757799160811809,-21.559040038561108,22.53481995464229,2.490297041148658e-06,1644,-0.008131760124736584
google,all,next_session,zeroshot_deberta,13005,0.03615151789948963,0.5159090909090909,6.889275218743017,-23.537339969664423,30.426615188407443,1.5438332198978138e-07,1644,0.020728300107032704
google,exact_time,reaction,roberta_large_fin,2343,0.05301602409237245,0.5110367892976588,0.3798814033263249,-36.70119381978347,37.0810752231098,7.016819736993181e-05,414,0.05592658740149662
google,exact_time,reaction,zeroshot_deberta,2343,0.06944437715985519,0.5397614314115308,14.021963334623262,-41.35686786003134,55.3788311946546,1.5134263288711221e-06,414,0.09582551703814945
google,exact_time,next_session,roberta_large_fin,1990,-0.020536535762135558,0.49606299212598426,-15.251854959517074,-3.0531534031146204,-12.198701556402453,0.13658422155851413,384,0.01972085017264564
google,exact_time,next_session,zeroshot_deberta,1990,-0.01813870044462746,0.5128504672897196,-11.13322324703415,2.923865798430884,-14.057089045465036,0.1529990218895279,384,0.0023615255501678476
google,earnings_days,reaction,roberta_large_fin,921,0.4158683285791687,0.7549933422103862,290.9908323348066,-351.5476728326492,642.5385051674559,8.32349360906865e-42,29,0.6660098522167487
google,earnings_days,reaction,zeroshot_deberta,921,0.49367422191885485,0.7728613569321534,319.0763336345497,-403.32061264717237,722.396946281722,5.422496203220561e-51,29,0.7886699507389161
google,earnings_days,next_session,roberta_large_fin,921,0.11553429549428294,0.5845539280958721,18.75062299717641,-56.4488125636426,75.199435560819,3.130727380184055e-05,29,0.06108374384236451
google,earnings_days,next_session,zeroshot_deberta,921,0.10938111596582172,0.5870206489675516,19.937453415777576,-60.64570266676465,80.58315608254223,1.800968646479001e-05,29,0.24236453201970437
google,non_earnings_days,reaction,roberta_large_fin,12437,0.14235058115333926,0.5582792008824611,18.053286986382073,-93.53121877271266,111.58450575909472,4.631200282697711e-50,1645,0.19769423593895027
google,non_earnings_days,reaction,zeroshot_deberta,12437,0.17269211901488374,0.59375,38.2491473171917,-119.91420136771656,158.16334868490827,8.307457921533546e-64,1645,0.2389811112142395
google,non_earnings_days,next_session,roberta_large_fin,12084,0.013645151006845452,0.49861356188555583,-0.904487676472015,-18.942611335075757,18.03812365860374,0.0002805077945547597,1615,-0.010431954580360265
google,non_earnings_days,next_session,zeroshot_deberta,12084,0.021716395202992615,0.5071141919007661,4.901804367539076,-20.406171330142765,25.30797569768184,3.635147781209257e-05,1615,0.01976076927959349
google,big_moves,reaction,roberta_large_fin,2063,0.4577174835595843,0.72808701215611,220.83984073111137,-454.01115530358663,674.8509960346979,2.1368833183931143e-75,149,0.626958099038636
google,big_moves,reaction,zeroshot_deberta,2063,0.523074034313183,0.7887864823348695,314.46964292239664,-523.5738692397125,838.0435121621091,1.0964036768828932e-96,149,0.6869834935606749
google,big_moves,next_session,roberta_large_fin,1529,0.03980252398565908,0.5386029411764706,30.65325794994325,-107.00141965073207,137.6546776006753,3.7430659648156254e-06,131,-0.03810388085197245
google,big_moves,next_session,zeroshot_deberta,1529,0.05190592203619539,0.5590643274853802,43.712798955942816,-133.98723604056926,177.7000349965121,1.5914477846402842e-07,131,0.09993594192067475
positech,all,reaction,roberta_large_fin,255,-0.03497198379701414,0.47244094488188976,8.515391427718537,40.614973612515456,-32.09958218479692,0.3872644064391347,160,-0.06460765130271053
positech,all,reaction,zeroshot_deberta,255,-0.010781978492229281,0.5164835164835165,42.0851395095221,33.27944586255961,8.805693646962483,0.8726072636821345,160,0.013365756474862298
positech,all,next_session,roberta_large_fin,255,0.025218294403416823,0.48031496062992124,-30.69001774086089,-36.07704618792745,5.387028447066565,0.8345758326832177,160,0.0732917590331556
positech,all,next_session,zeroshot_deberta,255,-0.02284760340180281,0.4945054945054945,-29.849181737033707,-31.287827207309235,1.4386454702755265,0.9620722457816646,160,0.034779678893706784
positech,exact_time,reaction,roberta_large_fin,255,-0.03497198379701414,0.47244094488188976,8.515391427718537,40.614973612515456,-32.09958218479692,0.3872644064391347,160,-0.06460765130271053
positech,exact_time,reaction,zeroshot_deberta,255,-0.010781978492229281,0.5164835164835165,42.0851395095221,33.27944586255961,8.805693646962483,0.8726072636821345,160,0.013365756474862298
positech,exact_time,next_session,roberta_large_fin,255,0.025218294403416823,0.48031496062992124,-30.69001774086089,-36.07704618792745,5.387028447066565,0.8345758326832177,160,0.0732917590331556
positech,exact_time,next_session,zeroshot_deberta,255,-0.02284760340180281,0.4945054945054945,-29.849181737033707,-31.287827207309235,1.4386454702755265,0.9620722457816646,160,0.034779678893706784
positech,earnings_days,reaction,roberta_large_fin,10,0.3384759590462742,0.6666666666666666,274.2495306170167,220.31080295844995,53.938727658566776,,8,
positech,earnings_days,reaction,zeroshot_deberta,10,0.32517785314411984,0.8,274.2495306170167,-115.84940553847956,390.0989361554963,,8,
positech,earnings_days,next_session,roberta_large_fin,10,0.08615751684814253,0.3333333333333333,-123.92829077016776,-167.33231471404486,43.4040239438771,,8,
positech,earnings_days,next_session,zeroshot_deberta,10,-0.10430233025377429,0.2,-123.92829077016776,-216.3552779411404,92.42698717097264,,8,
positech,non_earnings_days,reaction,roberta_large_fin,245,-0.06497159874041185,0.4628099173553719,-10.810727786048604,35.16964545051744,-45.980373236566045,0.1159714119391056,152,-0.07703252544518335
positech,non_earnings_days,reaction,zeroshot_deberta,245,-0.04464590326540769,0.5,8.91879792273715,35.85063295568098,-26.931835032943827,0.47473829257731054,152,-0.0030310485992933248
positech,non_earnings_days,next_session,roberta_large_fin,245,0.031552725057681495,0.48760330578512395,-23.90905242963857,-32.09961380834813,8.190561378709562,0.7582309419225304,152,0.07323328190548901
positech,non_earnings_days,next_session,zeroshot_deberta,245,-0.002907351601418751,0.5116279069767442,-16.409309018014557,-28.097009091208697,11.687700073194142,0.7124458882116013,152,0.05701241807284085
positech,big_moves,reaction,roberta_large_fin,24,-0.1060078059776355,0.3333333333333333,46.06256162212385,340.8109758554607,-294.7484142333368,0.23739977878067162,13,-0.47802197802197804
positech,big_moves,reaction,zeroshot_deberta,24,0.054999865862873656,0.4166666666666667,184.57331924072008,304.86763658880756,-120.29431734808749,0.6834464285327961,13,-0.15934065934065936
