ticker,date,close,ret,z,explained_by
NKE,2024-06-28,75.37000274658203,-0.22290469045804606,-22.29857479872979,earnings
META,2018-07-26,176.25999450683594,-0.2102387040223448,-16.677469693307522,earnings
APD,2024-02-05,218.02000427246094,-0.1690315133756526,-15.30945342520903,earnings
UNH,2025-04-17,454.1099853515625,-0.2533407562200489,-14.761418744190552,earnings
NFLX,2022-04-20,22.618999481201172,-0.43257848949508704,-14.101442999512516,earnings
NFLX,2022-01-21,39.75,-0.2457785334251752,-13.884412348809736,earnings
JNJ,2018-12-14,133.0,-0.10578145490085866,-13.879171627534129,unexplained
META,2022-02-03,237.75999450683594,-0.30639058479708137,-13.646460783325448,earnings
NKE,2021-06-25,154.35000610351562,0.1443724837039735,12.805470032432783,earnings
META,2024-02-02,474.989990234375,0.18496508599907724,12.037525119129432,earnings
META,2022-10-27,97.94000244140625,-0.2817938608218409,-11.789057844381068,earnings
JPM,2024-11-06,247.05999755859375,0.10925374568669088,11.411215682605953,unexplained
APD,2023-11-07,254.4600067138672,-0.1352099429607101,-11.260805672914971,earnings
IBM,2026-07-14,217.07000732421875,-0.2904538340333689,-11.177099322145244,unexplained
WMT,2018-08-16,32.880001068115234,0.089225745830801,11.06618064806648,earnings
PG,2018-10-19,87.30000305175781,0.0843283807720221,10.757801347198468,earnings
IBM,2018-10-17,128.15487670898438,-0.07934813308105415,-10.505824631108666,earnings
NFLX,2021-01-20,58.63399887084961,0.15575799657363198,10.246520860853495,earnings
UNH,2025-05-13,311.3800048828125,-0.19586230988084896,-10.234822078606305,unexplained
JNJ,2023-07-20,168.3800048828125,0.05895568064076784,10.224243214405073,earnings
WMT,2023-11-16,52.01333236694336,-0.08439113052958591,-10.181053460360696,earnings
IBM,2024-01-25,190.42999267578125,0.0906317571993398,10.105091833682676,earnings
UNH,2026-01-27,282.70001220703125,-0.21822165876075683,-10.024038604660134,earnings
IBM,2025-01-30,258.2699890136719,0.12190050909685457,9.729184681720763,earnings
UNH,2024-10-15,556.2899780273438,-0.08459973540594135,-9.679053550623497,earnings
GS,2024-11-06,595.97998046875,0.12308239065421933,9.572186534321867,unexplained
IBM,2021-10-21,122.6864242553711,-0.10051749168132229,-9.476070836838014,earnings
NKE,2018-06-29,79.68000030517578,0.10552791206365608,9.423845436166225,earnings
WMT,2022-05-17,43.78333282470703,-0.12076465053847585,-9.302085449757714,earnings
META,2025-10-30,666.469970703125,-0.12030229171817108,-9.234655996980742,earnings
GOOGL,2019-04-30,59.948001861572266,-0.07798232393354798,-9.053077458866005,earnings
NKE,2026-04-01,44.630001068115234,-0.16848359851747796,-8.954680792145266,earnings
NKE,2023-12-22,108.04000091552734,-0.12585435060049033,-8.91869765623728,earnings
NVDA,2023-05-25,37.97999954223633,0.21808788007240443,8.846018377844624,earnings
WMT,2024-05-16,64.01000213623047,0.06753211652106828,8.798158522149308,earnings
WMT,2019-08-15,37.563331604003906,0.0593164880147965,8.784407554353844,earnings
KO,2020-03-19,41.83000183105469,-0.06970972525515284,-8.603981767806285,unexplained
NFLX,2023-10-19,40.176998138427734,0.1488919969456921,8.586288122446874,earnings
CAT,2025-10-29,585.489990234375,0.11006091378344607,8.554872989481733,earnings
NVDA,2018-11-16,4.110750198364258,-0.20771154892950627,-8.55323521751086,earnings
PFE,2019-07-30,36.80265808105469,-0.06632541328295138,-8.534619074211259,earnings
NEE,2023-10-02,52.150001525878906,-0.09400189369486078,-8.493037036302526,unexplained
APD,2025-11-06,258.7900085449219,0.08559674215195123,8.478310483984437,earnings
KO,2019-02-14,45.59000015258789,-0.0881257814695573,-8.34908891224937,earnings
NFLX,2026-02-27,96.23999786376953,0.12902903644605423,8.184004850345307,unexplained
IBM,2026-02-23,223.35000610351562,-0.1409583983888103,-8.176601743855294,unexplained
AMZN,2026-07-31,271.5799865722656,0.14254579237115905,8.158568929381888,earnings
PFE,2021-11-05,48.61000061035156,0.10305459959295771,8.073261473084829,unexplained
JNJ,2019-10-18,127.69999694824219,-0.06422035254902969,-8.014377839750638,unexplained
HON,2025-10-23,218.12588500976562,0.06583542375437812,7.949070795449943,earnings
NEE,2023-09-27,59.959999084472656,-0.08592669216051885,-7.930574013471804,unexplained
AMZN,2024-08-02,167.89999389648438,-0.091947632103623,-7.904570726430145,earnings
META,2025-07-31,773.4400024414062,0.10663411086833552,7.895737852436237,earnings
DE,2022-05-20,313.30999755859375,-0.15166259403816262,-7.82179326980268,earnings
KO,2022-05-18,61.20000076293945,-0.07216862021893977,-7.760678290261719,unexplained
JNJ,2025-04-01,153.25,-0.07895287122901884,-7.759698769060874,unexplained
XOM,2020-11-09,36.93000030517578,0.11920570105168204,7.725298832310186,unexplained
DE,2019-05-17,134.82000732421875,-0.07959755408767766,-7.722277904550946,earnings
IBM,2021-01-22,113.39388275146484,-0.1043060710903525,-7.713438604894741,earnings
GOOGL,2019-07-26,62.26100158691406,0.09185172903658945,7.63674801386633,earnings
DE,2023-02-17,433.30999755859375,0.07261612131158834,7.615729455104183,earnings
IBM,2024-04-25,168.91000366210938,-0.0861130710192084,-7.605103379451631,earnings
NKE,2024-10-02,83.0999984741211,-0.07005126382772264,-7.589927893426864,earnings
UNH,2024-04-02,458.1400146484375,-0.06661813740169897,-7.589218371983463,unexplained
APD,2025-12-08,236.0500030517578,-0.09928831138198912,-7.578703850958108,unexplained
DUK,2022-02-10,99.79000091552734,-0.0481266284851527,-7.516690985595355,earnings
GOOGL,2024-01-31,140.10000610351562,-0.07796511110495175,-7.403748964349141,earnings
NFLX,2024-01-24,54.48699951171875,0.10168236837006717,7.384427713871431,earnings
JNJ,2020-03-23,111.13999938964844,-0.07578398826859356,-7.369418350759476,unexplained
GOOGL,2023-10-25,125.61000061035156,-0.09992420044064065,-7.338266011473663,earnings
HD,2019-11-19,225.86000061035156,-0.05592042439186251,-7.320693477081578,earnings
V,2026-04-29,334.8599853515625,0.07940085005905129,7.320542133780802,earnings
NFLX,2025-10-22,111.63700103759766,-0.10611715476420702,-7.2428871607449645,earnings
LIN,2024-05-02,419.6199951171875,-0.05336207490037026,-7.2425137278693485,earnings
CVX,2023-10-27,144.35000610351562,-0.06956996317300757,-7.241882801945799,earnings
AMZN,2021-07-30,166.37950134277344,-0.078663308875492,-7.226737797178936,earnings
APD,2026-06-30,293.17999267578125,0.07737720687733685,7.198329922975887,unexplained
WMT,2026-08-20,103.83999633789062,-0.09597537981137627,-7.100526195258495,earnings
WMT,2025-02-20,97.20999908447266,-0.06751732172643177,-7.061927464805568,earnings
APD,2020-11-11,280.8399963378906,-0.09869042343164658,-7.057653835266517,earnings
IBM,2022-04-20,138.32000732421875,0.06859542204357094,7.050247201126989,earnings
SO,2020-03-19,50.900001525878906,-0.09405911164692071,-7.040872012474032,unexplained
JPM,2024-04-12,182.7899932861328,-0.06686430536596699,-7.024267933913727,earnings
KO,2023-10-05,52.380001068115234,-0.04953535078771498,-6.980191002224635,unexplained
NEE,2022-01-25,75.0999984741211,-0.0869226004873287,-6.978801717522925,earnings
UNH,2023-07-14,480.1700134277344,0.06990519489011415,6.958204217888901,earnings
META,2023-04-27,238.55999755859375,0.1303745714937019,6.95645468654119,earnings
APD,2024-10-07,312.69000244140625,0.09097026313102852,6.943176582865848,unexplained
AMZN,2022-02-04,157.63949584960938,0.12694891576845713,6.922705961664053,earnings
WMT,2021-02-18,45.88666534423828,-0.0670053374119548,-6.911519524773035,earnings
META,2023-02-02,188.77000427246094,0.20930746959795066,6.898787871533196,earnings
JNJ,2020-03-30,133.00999450683594,0.07693991927545696,6.897013096465614,unexplained
HD,2025-11-18,336.4800109863281,-0.06207803375780152,-6.891700878009142,earnings
KO,2019-07-23,54.33000183105469,0.058946489661964474,6.871443928714612,earnings
HD,2022-02-22,316.1700134277344,-0.09266996982167974,-6.839131876138944,earnings
JNJ,2020-03-19,127.05000305175781,-0.06039775419849569,-6.818555760733031,unexplained
SHW,2018-10-25,122.66666412353516,-0.052664680611189674,-6.784423093085844,earnings
GOOGL,2024-04-26,171.9499969482422,0.0973477118808006,6.773430471463893,earnings
AAPL,2018-08-01,50.375,0.05724019235511424,6.73280602638137,earnings
JNJ,2019-05-29,131.3300018310547,-0.042778544137973995,-6.7091361503963745,unexplained
V,2024-09-24,272.7799987792969,-0.05648000293480315,-6.699481161993967,unexplained
UNH,2024-11-06,596.6900024414062,0.0509854555906859,6.68525318043705,unexplained
JPM,2020-11-09,116.9000015258789,0.12697832713507573,6.664038287233044,unexplained
NFLX,2024-10-18,76.38899993896484,0.1051438202591326,6.654607837450537,earnings
NKE,2019-03-22,82.19000244140625,-0.06841679879348028,-6.645361587485787,earnings
GS,2018-11-12,206.0500030517578,-0.07748213175907104,-6.63521858268895,unexplained
WMT,2026-05-21,121.33999633789062,-0.07545518328769685,-6.609477360184705,earnings
HON,2025-07-24,221.8919677734375,-0.06380596437826025,-6.580865687144536,earnings
DE,2026-02-19,662.0,0.10961591566795725,6.579276328347395,earnings
DUK,2020-03-23,64.1500015258789,-0.06414873208892136,-6.56330265960255,unexplained
PFE,2020-11-09,37.191650390625,0.07410800371330595,6.561271536953917,unexplained
CVX,2020-11-09,79.4000015258789,0.10970804148890334,6.55134123603126,unexplained
IBM,2024-10-24,218.38999938964844,-0.0636824636752733,-6.508061261863066,earnings
HON,2018-07-20,145.07525634765625,0.03718788926575378,6.506388064579754,earnings
WMT,2020-07-07,42.31666564941406,0.0655945612889921,6.502771829419776,unexplained
APD,2024-08-01,287.4700012207031,0.08573772822887449,6.472256277912114,earnings
DE,2021-02-19,330.0,0.09447719350043293,6.452666725569787,earnings
COP,2020-03-19,25.59000015258789,0.12115918824963945,6.40542753745476,unexplained
CVX,2020-03-27,68.77999877929688,-0.10480785858174713,-6.403611645847611,unexplained
NEE,2026-04-23,96.25,0.06713930283762881,6.370083610206931,earnings
AAPL,2025-08-06,213.25,0.04965338269682906,6.364183211700256,unexplained
NVDA,2024-02-22,78.53800201416016,0.15186991092655688,6.31618782160983,earnings
JNJ,2023-07-31,167.52999877929688,-0.04064766498758399,-6.3110930622486245,unexplained
APD,2021-08-09,275.75,-0.053209886136442286,-6.308616595511754,earnings
AAPL,2026-02-12,261.7300109863281,-0.051274148572827194,-6.308293735552262,unexplained
AMZN,2025-08-01,214.75,-0.08631653211497614,-6.305277579584064,earnings
HON,2024-10-24,206.6892852783203,-0.05235919505778508,-6.28499820871175,earnings
META,2019-06-03,164.14999389648438,-0.0780209806597858,-6.2814077711173075,unexplained
CVX,2020-04-02,76.12000274658203,0.10460183983046534,6.279373399698443,unexplained
WMT,2024-08-15,73.18000030517578,0.06375532239485526,6.270724306015351,earnings
HON,2023-07-27,194.1455841064453,-0.058582977576086215,-6.2617982585232514,earnings
CAT,2022-04-22,216.3000030517578,-0.07252493940677329,-6.258404203045069,unexplained
NKE,2023-09-29,95.62000274658203,0.0646919771961727,6.2415486599521035,earnings
UNH,2025-05-15,274.3500061035156,-0.11572759593235649,-6.2275398251766605,unexplained
NKE,2022-09-30,83.12000274658203,-0.1370591958784777,-6.223939200960036,earnings
IBM,2023-10-26,143.75999450683594,0.04758049390067498,6.220489646917267,earnings
AAPL,2020-07-31,106.26000213623047,0.09956351358099713,6.22016675207161,earnings
IBM,2019-04-17,132.9923553466797,-0.04243379074700915,-6.205540390499366,earnings
WMT,2025-11-20,107.11000061035156,0.06260468710443146,6.201986950098556,earnings
NKE,2025-12-19,58.709999084472656,-0.11142281215410765,-6.200975128041042,earnings
META,2024-04-25,441.3800048828125,-0.11161666539091808,-6.168886830528612,earnings
NFLX,2026-04-17,97.30999755859375,-0.10228316454221531,-6.16402670323932,earnings
NFLX,2022-01-31,42.7140007019043,0.10553220992984746,6.162027234538685,unexplained
KO,2020-11-09,52.56999969482422,0.061183535529001354,6.15933679292177,unexplained
NEE,2023-01-25,76.58999633789062,-0.09115915955299414,-6.137839012789889,earnings
NVDA,2025-01-27,118.41999816894531,-0.18594610472238404,-6.136519968604029,unexplained
DE,2023-03-10,395.92999267578125,-0.06239258349803656,-6.126070141098391,unexplained
SHW,2019-07-23,163.41000366210938,0.0754787853820309,6.117188165323708,earnings
DE,2024-05-16,394.42999267578125,-0.04847258912617303,-6.110598182351239,earnings
NFLX,2024-04-19,55.50400161743164,-0.09533635245898164,-6.097968914388704,earnings
JNJ,2025-07-16,164.77999877929688,0.060089965184286775,6.051626840418855,earnings
SHW,2020-03-19,148.3733367919922,0.09975482348026876,6.050487785853577,unexplained
HON,2024-07-25,200.11595153808594,-0.05384622912300596,-6.025892873767759,earnings
WMT,2020-09-01,49.1966667175293,0.061043957464144594,6.023616124389974,unexplained
V,2024-11-06,307.3999938964844,0.04698790149582077,6.013453991513502,unexplained
AMZN,2025-10-31,244.22000122070312,0.0915256890456213,6.0119709904721645,earnings
