z_threshold,error_kind,injected,detected,recall,precision_all_kinds,false_alarms,baseline_flags_on_clean_data
3,spike,25,25,1.0,0.972972972972973,2,1410
3,decimal_slip,25,24,0.96,0.972972972972973,2,1410
3,missed_split,25,23,0.92,0.972972972972973,2,1410
3,all,75,72,0.96,0.972972972972973,2,1410
4,spike,25,25,1.0,1.0,0,550
4,decimal_slip,25,24,0.96,1.0,0,550
4,missed_split,25,23,0.92,1.0,0,550
4,all,75,72,0.96,1.0,0,550
5,spike,25,25,1.0,1.0,0,292
5,decimal_slip,25,24,0.96,1.0,0,292
5,missed_split,25,23,0.92,1.0,0,292
5,all,75,72,0.96,1.0,0,292
6,spike,25,25,1.0,1.0,0,156
6,decimal_slip,25,24,0.96,1.0,0,156
6,missed_split,25,23,0.92,1.0,0,156
6,all,75,72,0.96,1.0,0,156
8,spike,25,25,1.0,1.0,0,49
8,decimal_slip,25,24,0.96,1.0,0,49
8,missed_split,25,23,0.92,1.0,0,49
8,all,75,72,0.96,1.0,0,49
10,spike,25,24,0.96,1.0,0,23
10,decimal_slip,25,24,0.96,1.0,0,23
10,missed_split,25,23,0.92,1.0,0,23
10,all,75,71,0.9466666666666667,1.0,0,23
