task_id,template_id,task_type,ticker,fiscal_year,prompt,gold_value,unit,tol_type,tolerance,alt_values,plausible_low,plausible_high,trap_tags,sector,cap_tercile
lookup_revenue-GOOGL-2022,lookup_revenue,factual_lookup,GOOGL,2022,"What was Alphabet Inc.'s (GOOGL) total revenue for fiscal year 2022, as reported in its 10-K? Answer in USD millions.",282836.0,USD millions,rel,0.005,"{""prior_year"": 257637.0, ""next_year"": 307394.0}",128818.5,614788.0,,Communication Services,large
lookup_revenue-META-2020,lookup_revenue,factual_lookup,META,2020,"What was Meta Platforms, Inc.'s (META) total revenue for fiscal year 2020, as reported in its 10-K? Answer in USD millions.",85965.0,USD millions,rel,0.005,"{""prior_year"": 70697.0, ""next_year"": 117929.0}",35348.5,235858.0,,Communication Services,large
lookup_revenue-AMZN-2020,lookup_revenue,factual_lookup,AMZN,2020,"What was AMAZON COM INC's (AMZN) total revenue for fiscal year 2020, as reported in its 10-K? Answer in USD millions.",386064.0,USD millions,rel,0.005,"{""prior_year"": 280522.0, ""next_year"": 469822.0}",140261.0,939644.0,,Consumer Discretionary,large
lookup_revenue-HD-2020,lookup_revenue,factual_lookup,HD,2020,"What was The Home Depot, Inc.'s (HD) total revenue for fiscal year 2020, as reported in its 10-K? Answer in USD millions.",132110.0,USD millions,rel,0.005,"{""prior_year"": 110225.0, ""next_year"": 151157.0}",55112.5,302314.0,fiscal_calendar,Consumer Discretionary,mid
lookup_revenue-WMT-2024,lookup_revenue,factual_lookup,WMT,2024,"What was WALMART INC.'s (WMT) total revenue for fiscal year 2024, as reported in its 10-K? Answer in USD millions.",648125.0,USD millions,rel,0.005,"{""prior_year"": 611289.0, ""next_year"": 680985.0}",305644.5,1361970.0,fiscal_calendar,Consumer Staples,large
lookup_revenue-KO-2022,lookup_revenue,factual_lookup,KO,2022,"What was COCA COLA CO's (KO) total revenue for fiscal year 2022, as reported in its 10-K? Answer in USD millions.",43004.0,USD millions,rel,0.005,"{""prior_year"": 38655.0, ""next_year"": 45754.0}",19327.5,91508.0,,Consumer Staples,mid
lookup_revenue-COP-2023,lookup_revenue,factual_lookup,COP,2023,"What was ConocoPhillips's (COP) total revenue for fiscal year 2023, as reported in its 10-K? Answer in USD millions.",56141.0,USD millions,rel,0.005,"{""prior_year"": 78494.0, ""next_year"": 54745.0}",27372.5,156988.0,,Energy,small
lookup_revenue-CVX-2023,lookup_revenue,factual_lookup,CVX,2023,"What was Chevron Corp's (CVX) total revenue for fiscal year 2023, as reported in its 10-K? Answer in USD millions.",200949.0,USD millions,rel,0.005,"{""prior_year"": 246252.0, ""next_year"": 202792.0}",101396.0,492504.0,,Energy,mid
lookup_revenue-V-2021,lookup_revenue,factual_lookup,V,2021,"What was VISA INC.'s (V) total revenue for fiscal year 2021, as reported in its 10-K? Answer in USD millions.",24105.0,USD millions,rel,0.005,"{""prior_year"": 21846.0, ""next_year"": 29310.0}",10923.0,58620.0,fiscal_calendar,Financials,unknown
lookup_revenue-V-2023,lookup_revenue,factual_lookup,V,2023,"What was VISA INC.'s (V) total revenue for fiscal year 2023, as reported in its 10-K? Answer in USD millions.",32653.0,USD millions,rel,0.005,"{""prior_year"": 29310.0, ""next_year"": 35926.0}",14655.0,71852.0,fiscal_calendar,Financials,unknown
lookup_revenue-JNJ-2020,lookup_revenue,factual_lookup,JNJ,2020,"What was Johnson & Johnson's (JNJ) total revenue for fiscal year 2020, as reported in its 10-K? Answer in USD millions.",82584.0,USD millions,rel,0.005,"{""prior_year"": 82059.0, ""next_year"": 78740.0}",39370.0,164118.0,,Health Care,large
lookup_revenue-DE-2024,lookup_revenue,factual_lookup,DE,2024,"What was DEERE & CO's (DE) total revenue for fiscal year 2024, as reported in its 10-K? Answer in USD millions.",51716.0,USD millions,rel,0.005,"{""prior_year"": 61251.0, ""next_year"": 45684.0}",22842.0,122502.0,fiscal_calendar,Industrials,small
lookup_revenue-NVDA-2024,lookup_revenue,factual_lookup,NVDA,2024,"What was NVIDIA CORP's (NVDA) total revenue for fiscal year 2024, as reported in its 10-K? Answer in USD millions.",60922.0,USD millions,rel,0.005,"{""prior_year"": 26974.0, ""next_year"": 130497.0}",13487.0,260994.0,fiscal_calendar,Information Technology,large
lookup_revenue-SHW-2024,lookup_revenue,factual_lookup,SHW,2024,"What was THE SHERWIN-WILLIAMS COMPANY's (SHW) total revenue for fiscal year 2024, as reported in its 10-K? Answer in USD millions.",23098.5,USD millions,rel,0.005,"{""prior_year"": 23051.9, ""next_year"": 23574.3}",11525.95,47148.6,,Materials,small
lookup_revenue-NEE-2024,lookup_revenue,factual_lookup,NEE,2024,"What was NEXTERA ENERGY INC's (NEE) total revenue for fiscal year 2024, as reported in its 10-K? Answer in USD millions.",24753.0,USD millions,rel,0.005,"{""prior_year"": 28114.0, ""next_year"": 27412.0}",13706.0,56228.0,,Utilities,small
lookup_eps-NFLX-2020,lookup_eps,factual_lookup,NFLX,2020,"What diluted EPS did NETFLIX INC (NFLX) report for fiscal year 2020 in that year's 10-K (as originally reported, not adjusted for later stock splits)? Answer in USD per share.",6.08,USD/share,rel,0.01,"{""split_adjusted"": 0.608, ""prior_year"": 4.13, ""next_year"": 11.24}",,,split_adjustment,Communication Services,mid
lookup_eps-NFLX-2024,lookup_eps,factual_lookup,NFLX,2024,"What diluted EPS did NETFLIX INC (NFLX) report for fiscal year 2024 in that year's 10-K (as originally reported, not adjusted for later stock splits)? Answer in USD per share.",19.83,USD/share,rel,0.01,"{""split_adjusted"": 1.98, ""prior_year"": 12.03, ""next_year"": 2.53}",,,split_adjustment,Communication Services,mid
lookup_eps-HD-2020,lookup_eps,factual_lookup,HD,2020,"What diluted EPS did The Home Depot, Inc. (HD) report for fiscal year 2020 in that year's 10-K (as originally reported, not adjusted for later stock splits)? Answer in USD per share.",11.94,USD/share,rel,0.01,"{""prior_year"": 10.25, ""next_year"": 15.53}",,,fiscal_calendar,Consumer Discretionary,mid
lookup_eps-HD-2024,lookup_eps,factual_lookup,HD,2024,"What diluted EPS did The Home Depot, Inc. (HD) report for fiscal year 2024 in that year's 10-K (as originally reported, not adjusted for later stock splits)? Answer in USD per share.",14.91,USD/share,rel,0.01,"{""prior_year"": 15.11, ""next_year"": 14.23}",,,fiscal_calendar,Consumer Discretionary,mid
lookup_eps-PG-2019,lookup_eps,factual_lookup,PG,2019,"What diluted EPS did The Procter & Gamble Company (PG) report for fiscal year 2019 in that year's 10-K (as originally reported, not adjusted for later stock splits)? Answer in USD per share.",1.43,USD/share,rel,0.01,"{""prior_year"": 3.67, ""next_year"": 4.96}",,,fiscal_calendar,Consumer Staples,mid
lookup_eps-WMT-2022,lookup_eps,factual_lookup,WMT,2022,"What diluted EPS did WALMART INC. (WMT) report for fiscal year 2022 in that year's 10-K (as originally reported, not adjusted for later stock splits)? Answer in USD per share.",4.87,USD/share,rel,0.01,"{""split_adjusted"": 1.62, ""prior_year"": 4.75, ""next_year"": 4.27}",,,"fiscal_calendar,split_adjustment",Consumer Staples,large
lookup_eps-CVX-2019,lookup_eps,factual_lookup,CVX,2019,"What diluted EPS did Chevron Corp (CVX) report for fiscal year 2019 in that year's 10-K (as originally reported, not adjusted for later stock splits)? Answer in USD per share.",1.54,USD/share,rel,0.01,"{""prior_year"": 7.74, ""next_year"": -2.96}",,,,Energy,mid
lookup_eps-COP-2019,lookup_eps,factual_lookup,COP,2019,"What diluted EPS did ConocoPhillips (COP) report for fiscal year 2019 in that year's 10-K (as originally reported, not adjusted for later stock splits)? Answer in USD per share.",6.4,USD/share,rel,0.01,"{""next_year"": -2.51}",,,,Energy,small
lookup_eps-GS-2023,lookup_eps,factual_lookup,GS,2023,"What diluted EPS did The Goldman Sachs Group, Inc. (GS) report for fiscal year 2023 in that year's 10-K (as originally reported, not adjusted for later stock splits)? Answer in USD per share.",22.87,USD/share,rel,0.01,"{""prior_year"": 30.06, ""next_year"": 40.54}",,,,Financials,mid
lookup_eps-UNH-2023,lookup_eps,factual_lookup,UNH,2023,"What diluted EPS did UnitedHealth Group Incorporated (UNH) report for fiscal year 2023 in that year's 10-K (as originally reported, not adjusted for later stock splits)? Answer in USD per share.",23.86,USD/share,rel,0.01,"{""prior_year"": 21.18, ""next_year"": 15.51}",,,,Health Care,mid
lookup_eps-JNJ-2020,lookup_eps,factual_lookup,JNJ,2020,"What diluted EPS did Johnson & Johnson (JNJ) report for fiscal year 2020 in that year's 10-K (as originally reported, not adjusted for later stock splits)? Answer in USD per share.",5.51,USD/share,rel,0.01,"{""prior_year"": 5.63, ""next_year"": 7.81}",,,,Health Care,large
lookup_eps-CAT-2023,lookup_eps,factual_lookup,CAT,2023,"What diluted EPS did CATERPILLAR INC (CAT) report for fiscal year 2023 in that year's 10-K (as originally reported, not adjusted for later stock splits)? Answer in USD per share.",20.12,USD/share,rel,0.01,"{""prior_year"": 12.64, ""next_year"": 22.05}",,,,Industrials,large
lookup_eps-IBM-2019,lookup_eps,factual_lookup,IBM,2019,"What diluted EPS did INTERNATIONAL BUSINESS MACHINES CORP (IBM) report for fiscal year 2019 in that year's 10-K (as originally reported, not adjusted for later stock splits)? Answer in USD per share.",10.56,USD/share,rel,0.01,"{""prior_year"": 9.52, ""next_year"": 6.23}",,,,Information Technology,mid
lookup_eps-APD-2022,lookup_eps,factual_lookup,APD,2022,"What diluted EPS did AIR PRODUCTS AND CHEMICALS, INC. (APD) report for fiscal year 2022 in that year's 10-K (as originally reported, not adjusted for later stock splits)? Answer in USD per share.",10.14,USD/share,rel,0.01,"{""prior_year"": 9.43, ""next_year"": 10.33}",,,fiscal_calendar,Materials,small
lookup_eps-DUK-2019,lookup_eps,factual_lookup,DUK,2019,"What diluted EPS did Duke Energy CORP (DUK) report for fiscal year 2019 in that year's 10-K (as originally reported, not adjusted for later stock splits)? Answer in USD per share.",5.06,USD/share,rel,0.01,"{""prior_year"": 3.76, ""next_year"": 1.72}",,,,Utilities,small
lookup_q4_revenue-GOOGL-2024,lookup_q4_revenue,factual_lookup,GOOGL,2024,"What was Alphabet Inc.'s (GOOGL) revenue for the fourth quarter of fiscal year 2024 (the three months ended December 31, 2024)? Answer in USD millions.",96469.0,USD millions,rel,0.005,"{""full_year"": 350018.0, ""nine_months_ytd"": 253549.0, ""third_quarter"": 88268.0}",8750.45,210010.8,derived_q4,Communication Services,large
lookup_q4_revenue-AMZN-2023,lookup_q4_revenue,factual_lookup,AMZN,2023,"What was AMAZON COM INC's (AMZN) revenue for the fourth quarter of fiscal year 2023 (the three months ended December 31, 2023)? Answer in USD millions.",169961.0,USD millions,rel,0.005,"{""full_year"": 574785.0, ""nine_months_ytd"": 404824.0, ""third_quarter"": 143083.0}",14369.625,344871.0,derived_q4,Consumer Discretionary,large
lookup_q4_revenue-HD-2020,lookup_q4_revenue,factual_lookup,HD,2020,"What was The Home Depot, Inc.'s (HD) revenue for the fourth quarter of fiscal year 2020 (the three months ended January 31, 2021)? Answer in USD millions.",32261.0,USD millions,rel,0.005,"{""full_year"": 132110.0, ""nine_months_ytd"": 99849.0, ""third_quarter"": 33536.0}",3302.75,79266.0,"derived_q4,fiscal_calendar",Consumer Discretionary,mid
lookup_q4_revenue-KO-2024,lookup_q4_revenue,factual_lookup,KO,2024,"What was COCA COLA CO's (KO) revenue for the fourth quarter of fiscal year 2024 (the three months ended December 31, 2024)? Answer in USD millions.",11544.0,USD millions,rel,0.005,"{""full_year"": 47061.0, ""nine_months_ytd"": 35517.0, ""third_quarter"": 11854.0}",1176.525,28236.6,derived_q4,Consumer Staples,mid
lookup_q4_revenue-WMT-2023,lookup_q4_revenue,factual_lookup,WMT,2023,"What was WALMART INC.'s (WMT) revenue for the fourth quarter of fiscal year 2023 (the three months ended January 31, 2023)? Answer in USD millions.",164048.0,USD millions,rel,0.005,"{""full_year"": 611289.0, ""nine_months_ytd"": 447241.0, ""third_quarter"": 152813.0}",15282.225,366773.4,"derived_q4,fiscal_calendar",Consumer Staples,large
lookup_q4_revenue-COP-2023,lookup_q4_revenue,factual_lookup,COP,2023,"What was ConocoPhillips's (COP) revenue for the fourth quarter of fiscal year 2023 (the three months ended December 31, 2023)? Answer in USD millions.",14729.0,USD millions,rel,0.005,"{""full_year"": 56141.0, ""nine_months_ytd"": 41412.0, ""third_quarter"": 14250.0}",1403.525,33684.6,derived_q4,Energy,small
lookup_q4_revenue-COP-2024,lookup_q4_revenue,factual_lookup,COP,2024,"What was ConocoPhillips's (COP) revenue for the fourth quarter of fiscal year 2024 (the three months ended December 31, 2024)? Answer in USD millions.",14236.0,USD millions,rel,0.005,"{""full_year"": 54745.0, ""nine_months_ytd"": 40509.0, ""third_quarter"": 13041.0}",1368.625,32847.0,derived_q4,Energy,small
lookup_q4_revenue-GS-2024,lookup_q4_revenue,factual_lookup,GS,2024,"What was The Goldman Sachs Group, Inc.'s (GS) revenue for the fourth quarter of fiscal year 2024 (the three months ended December 31, 2024)? Answer in USD millions.",13869.0,USD millions,rel,0.005,"{""full_year"": 53512.0, ""nine_months_ytd"": 39643.0, ""third_quarter"": 12699.0}",1337.8,32107.2,derived_q4,Financials,mid
lookup_q4_revenue-JNJ-2024,lookup_q4_revenue,factual_lookup,JNJ,2024,"What was Johnson & Johnson's (JNJ) revenue for the fourth quarter of fiscal year 2024 (the three months ended December 29, 2024)? Answer in USD millions.",22520.0,USD millions,rel,0.005,"{""full_year"": 88821.0, ""nine_months_ytd"": 66301.0, ""third_quarter"": 22471.0}",2220.525,53292.6,derived_q4,Health Care,large
lookup_q4_revenue-JNJ-2021,lookup_q4_revenue,factual_lookup,JNJ,2021,"What was Johnson & Johnson's (JNJ) revenue for the fourth quarter of fiscal year 2021 (the three months ended January 02, 2022)? Answer in USD millions.",24804.0,USD millions,rel,0.005,"{""full_year"": 78740.0, ""nine_months_ytd"": 53936.0, ""third_quarter"": 23338.0}",1968.5,47244.0,derived_q4,Health Care,large
lookup_q4_revenue-DE-2021,lookup_q4_revenue,factual_lookup,DE,2021,"What was DEERE & CO's (DE) revenue for the fourth quarter of fiscal year 2021 (the three months ended October 31, 2021)? Answer in USD millions.",11327.0,USD millions,rel,0.005,"{""full_year"": 44024.0, ""nine_months_ytd"": 32697.0, ""third_quarter"": 11527.0}",1100.6,26414.4,"derived_q4,fiscal_calendar",Industrials,small
lookup_q4_revenue-IBM-2022,lookup_q4_revenue,factual_lookup,IBM,2022,"What was INTERNATIONAL BUSINESS MACHINES CORP's (IBM) revenue for the fourth quarter of fiscal year 2022 (the three months ended December 31, 2022)? Answer in USD millions.",16690.0,USD millions,rel,0.005,"{""full_year"": 60530.0, ""nine_months_ytd"": 43840.0, ""third_quarter"": 14107.0}",1513.25,36318.0,derived_q4,Information Technology,mid
lookup_q4_revenue-NVDA-2023,lookup_q4_revenue,factual_lookup,NVDA,2023,"What was NVIDIA CORP's (NVDA) revenue for the fourth quarter of fiscal year 2023 (the three months ended January 29, 2023)? Answer in USD millions.",6051.0,USD millions,rel,0.005,"{""full_year"": 26974.0, ""nine_months_ytd"": 20923.0, ""third_quarter"": 5931.0}",674.35,16184.4,"derived_q4,fiscal_calendar",Information Technology,large
lookup_q4_revenue-APD-2024,lookup_q4_revenue,factual_lookup,APD,2024,"What was AIR PRODUCTS AND CHEMICALS, INC.'s (APD) revenue for the fourth quarter of fiscal year 2024 (the three months ended September 30, 2024)? Answer in USD millions.",3187.5,USD millions,rel,0.005,"{""full_year"": 12100.6, ""nine_months_ytd"": 8913.1, ""third_quarter"": 2985.5}",302.515,7260.36,"derived_q4,fiscal_calendar",Materials,small
lookup_q4_revenue-SO-2022,lookup_q4_revenue,factual_lookup,SO,2022,"What was SOUTHERN CO's (SO) revenue for the fourth quarter of fiscal year 2022 (the three months ended December 31, 2022)? Answer in USD millions.",7047.0,USD millions,rel,0.005,"{""full_year"": 29279.0, ""nine_months_ytd"": 22232.0, ""third_quarter"": 8378.0}",731.975,17567.4,derived_q4,Utilities,small
calc_revenue_growth-GOOGL-2022,calc_revenue_growth,calculation,GOOGL,2022,"By what percentage did Alphabet Inc.'s (GOOGL) revenue grow in fiscal year 2022 versus fiscal year 2021? Answer in percent, to one decimal place.",9.78081564371578,percent,abs,0.1,"{""prior_year_growth"": 41.15007642704916}",-60.0,150.0,,Communication Services,large
calc_revenue_growth-META-2021,calc_revenue_growth,calculation,META,2021,"By what percentage did Meta Platforms, Inc.'s (META) revenue grow in fiscal year 2021 versus fiscal year 2020? Answer in percent, to one decimal place.",37.182574303495606,percent,abs,0.1,"{""prior_year_growth"": 21.596390228722573}",-60.0,150.0,,Communication Services,large
calc_revenue_growth-AMZN-2020,calc_revenue_growth,calculation,AMZN,2020,"By what percentage did AMAZON COM INC's (AMZN) revenue grow in fiscal year 2020 versus fiscal year 2019? Answer in percent, to one decimal place.",37.623430604373276,percent,abs,0.1,"{""prior_year_growth"": 20.454125820676982}",-60.0,150.0,,Consumer Discretionary,large
calc_revenue_growth-HD-2019,calc_revenue_growth,calculation,HD,2019,"By what percentage did The Home Depot, Inc.'s (HD) revenue grow in fiscal year 2019 versus fiscal year 2018? Answer in percent, to one decimal place.",1.868709740025687,percent,abs,0.1,"{""prior_year_growth"": 7.233608182034401}",-60.0,150.0,fiscal_calendar,Consumer Discretionary,mid
calc_revenue_growth-PG-2024,calc_revenue_growth,calculation,PG,2024,"By what percentage did The Procter & Gamble Company's (PG) revenue grow in fiscal year 2024 versus fiscal year 2023? Answer in percent, to one decimal place.",2.4790868960807844,percent,abs,0.1,"{""prior_year_growth"": 2.268447503959492}",-60.0,150.0,fiscal_calendar,Consumer Staples,mid
calc_revenue_growth-KO-2024,calc_revenue_growth,calculation,KO,2024,"By what percentage did COCA COLA CO's (KO) revenue grow in fiscal year 2024 versus fiscal year 2023? Answer in percent, to one decimal place.",2.856580845390577,percent,abs,0.1,"{""prior_year_growth"": 6.394753976374301}",-60.0,150.0,,Consumer Staples,mid
calc_revenue_growth-XOM-2023,calc_revenue_growth,calculation,XOM,2023,"By what percentage did Exxon Mobil Corporation / ExxonMobil Holdings Corp's (XOM) revenue grow in fiscal year 2023 versus fiscal year 2022? Answer in percent, to one decimal place.",-16.7032488880294,percent,abs,0.1,"{""prior_year_growth"": 44.82565467021426}",-60.0,150.0,,Energy,large
calc_revenue_growth-XOM-2019,calc_revenue_growth,calculation,XOM,2019,"By what percentage did Exxon Mobil Corporation / ExxonMobil Holdings Corp's (XOM) revenue grow in fiscal year 2019 versus fiscal year 2018? Answer in percent, to one decimal place.",-8.708805976320754,percent,abs,0.1,"{""prior_year_growth"": 18.762660468237826}",-60.0,150.0,,Energy,large
calc_revenue_growth-GS-2024,calc_revenue_growth,calculation,GS,2024,"By what percentage did The Goldman Sachs Group, Inc.'s (GS) revenue grow in fiscal year 2024 versus fiscal year 2023? Answer in percent, to one decimal place.",15.691615860249918,percent,abs,0.1,"{""prior_year_growth"": -2.345613849889161}",-60.0,150.0,,Financials,mid
calc_revenue_growth-JPM-2024,calc_revenue_growth,calculation,JPM,2024,"By what percentage did JPMORGAN CHASE & CO's (JPM) revenue grow in fiscal year 2024 versus fiscal year 2023? Answer in percent, to one decimal place.",12.303294034306521,percent,abs,0.1,"{""prior_year_growth"": 22.851703640390063}",-60.0,150.0,,Financials,large
calc_revenue_growth-UNH-2024,calc_revenue_growth,calculation,UNH,2024,"By what percentage did UnitedHealth Group Incorporated's (UNH) revenue grow in fiscal year 2024 versus fiscal year 2023? Answer in percent, to one decimal place.",7.711061239646733,percent,abs,0.1,"{""prior_year_growth"": 14.640827734281014}",-60.0,150.0,,Health Care,mid
calc_revenue_growth-PFE-2021,calc_revenue_growth,calculation,PFE,2021,"By what percentage did PFIZER INC's (PFE) revenue grow in fiscal year 2021 versus fiscal year 2020? Answer in percent, to one decimal place.",95.16458188278793,percent,abs,0.1,"{""prior_year_growth"": 1.82373792934849}",-60.0,150.0,,Health Care,small
calc_revenue_growth-CAT-2022,calc_revenue_growth,calculation,CAT,2022,"By what percentage did CATERPILLAR INC's (CAT) revenue grow in fiscal year 2022 versus fiscal year 2021? Answer in percent, to one decimal place.",16.589825587098538,percent,abs,0.1,"{""prior_year_growth"": 22.092076267126572}",-60.0,150.0,,Industrials,large
calc_revenue_growth-DE-2024,calc_revenue_growth,calculation,DE,2024,"By what percentage did DEERE & CO's (DE) revenue grow in fiscal year 2024 versus fiscal year 2023? Answer in percent, to one decimal place.",-15.567092782158653,percent,abs,0.1,"{""prior_year_growth"": 16.497708123323896}",-60.0,150.0,fiscal_calendar,Industrials,small
calc_revenue_growth-NVDA-2021,calc_revenue_growth,calculation,NVDA,2021,"By what percentage did NVIDIA CORP's (NVDA) revenue grow in fiscal year 2021 versus fiscal year 2020? Answer in percent, to one decimal place.",52.72943762593882,percent,abs,0.1,"{""prior_year_growth"": -6.811198361215432}",-60.0,150.0,fiscal_calendar,Information Technology,large
calc_revenue_growth-IBM-2024,calc_revenue_growth,calculation,IBM,2024,"By what percentage did INTERNATIONAL BUSINESS MACHINES CORP's (IBM) revenue grow in fiscal year 2024 versus fiscal year 2023? Answer in percent, to one decimal place.",1.4435822825735523,percent,abs,0.1,"{""prior_year_growth"": 2.197257558235588}",-60.0,150.0,,Information Technology,mid
calc_revenue_growth-LIN-2022,calc_revenue_growth,calculation,LIN,2022,"By what percentage did Linde plc's (LIN) revenue grow in fiscal year 2022 versus fiscal year 2021? Answer in percent, to one decimal place.",8.349300165622054,percent,abs,0.1,"{""prior_year_growth"": 13.030870315310361}",-60.0,150.0,,Materials,mid
calc_revenue_growth-APD-2023,calc_revenue_growth,calculation,APD,2023,"By what percentage did AIR PRODUCTS AND CHEMICALS, INC.'s (APD) revenue grow in fiscal year 2023 versus fiscal year 2022? Answer in percent, to one decimal place.",-0.7764635471626757,percent,abs,0.1,"{""prior_year_growth"": 23.012690109464295}",-60.0,150.0,fiscal_calendar,Materials,small
calc_revenue_growth-SO-2019,calc_revenue_growth,calculation,SO,2019,"By what percentage did SOUTHERN CO's (SO) revenue grow in fiscal year 2019 versus fiscal year 2018? Answer in percent, to one decimal place.",-8.835922536709939,percent,abs,0.1,"{""prior_year_growth"": 2.0146758716512503}",-60.0,150.0,,Utilities,small
calc_revenue_growth-SO-2023,calc_revenue_growth,calculation,SO,2023,"By what percentage did SOUTHERN CO's (SO) revenue grow in fiscal year 2023 versus fiscal year 2022? Answer in percent, to one decimal place.",-13.75046961986407,percent,abs,0.1,"{""prior_year_growth"": 26.67762730930645}",-60.0,150.0,,Utilities,small
calc_operating_margin-GOOGL-2020,calc_operating_margin,calculation,GOOGL,2020,"What was Alphabet Inc.'s (GOOGL) operating margin in fiscal year 2020? Answer in percent, to one decimal place.",22.585151785763202,percent,abs,0.1,"{""net_margin_instead"": 22.061941520980458, ""prior_year"": 21.14891540063142}",-50.0,70.0,,Communication Services,large
calc_operating_margin-META-2023,calc_operating_margin,calculation,META,2023,"What was Meta Platforms, Inc.'s (META) operating margin in fiscal year 2023? Answer in percent, to one decimal place.",34.655527716416366,percent,abs,0.1,"{""net_margin_instead"": 28.982520644616095, ""prior_year"": 24.821411726367604}",-50.0,70.0,,Communication Services,large
calc_operating_margin-NFLX-2019,calc_operating_margin,calculation,NFLX,2019,"What was NETFLIX INC's (NFLX) operating margin in fiscal year 2019? Answer in percent, to one decimal place.",12.920203645017397,percent,abs,0.1,"{""net_margin_instead"": 9.262128389988574, ""prior_year"": 10.163298361102878}",-50.0,70.0,,Communication Services,mid
calc_operating_margin-HD-2023,calc_operating_margin,calculation,HD,2023,"What was The Home Depot, Inc.'s (HD) operating margin in fiscal year 2023? Answer in percent, to one decimal place.",14.206551428253281,percent,abs,0.1,"{""net_margin_instead"": 9.918844035134834, ""prior_year"": 15.272262917479337}",-50.0,70.0,fiscal_calendar,Consumer Discretionary,mid
calc_operating_margin-AMZN-2022,calc_operating_margin,calculation,AMZN,2022,"What was AMAZON COM INC's (AMZN) operating margin in fiscal year 2022? Answer in percent, to one decimal place.",2.382958191224223,percent,abs,0.1,"{""net_margin_instead"": -0.5295895000418301, ""prior_year"": 5.295409750926947}",-50.0,70.0,,Consumer Discretionary,large
calc_operating_margin-KO-2023,calc_operating_margin,calculation,KO,2023,"What was COCA COLA CO's (KO) operating margin in fiscal year 2023? Answer in percent, to one decimal place.",24.721335839489445,percent,abs,0.1,"{""net_margin_instead"": 23.416531887922368, ""prior_year"": 25.36740768300623}",-50.0,70.0,,Consumer Staples,mid
calc_operating_margin-PG-2019,calc_operating_margin,calculation,PG,2019,"What was The Procter & Gamble Company's (PG) operating margin in fiscal year 2019? Answer in percent, to one decimal place.",8.10679037881922,percent,abs,0.1,"{""net_margin_instead"": 5.757638437444595, ""prior_year"": 19.994912616710558}",-50.0,70.0,fiscal_calendar,Consumer Staples,mid
calc_operating_margin-PG-2022,calc_operating_margin,calculation,PG,2022,"What was The Procter & Gamble Company's (PG) operating margin in fiscal year 2022? Answer in percent, to one decimal place.",22.21432401760884,percent,abs,0.1,"{""net_margin_instead"": 18.384526170077446, ""prior_year"": 23.62910218345201}",-50.0,70.0,fiscal_calendar,Consumer Staples,mid
calc_operating_margin-V-2022,calc_operating_margin,calculation,V,2022,"What was VISA INC.'s (V) operating margin in fiscal year 2022? Answer in percent, to one decimal place.",64.18628454452406,percent,abs,0.1,"{""net_margin_instead"": 51.03036506311839, ""prior_year"": 65.56316116988177}",-50.0,70.0,fiscal_calendar,Financials,unknown
calc_operating_margin-UNH-2024,calc_operating_margin,calculation,UNH,2024,"What was UnitedHealth Group Incorporated's (UNH) operating margin in fiscal year 2024? Answer in percent, to one decimal place.",8.06614402989922,percent,abs,0.1,"{""net_margin_instead"": 3.598748869535673, ""prior_year"": 8.707234770815505}",-50.0,70.0,,Health Care,mid
calc_operating_margin-CAT-2024,calc_operating_margin,calculation,CAT,2024,"What was CATERPILLAR INC's (CAT) operating margin in fiscal year 2024? Answer in percent, to one decimal place.",20.170038111990618,percent,abs,0.1,"{""net_margin_instead"": 16.65200820873644, ""prior_year"": 19.334923948702652}",-50.0,70.0,,Industrials,large
calc_operating_margin-DE-2024,calc_operating_margin,calculation,DE,2024,"What was DEERE & CO's (DE) operating margin in fiscal year 2024? Answer in percent, to one decimal place.",17.478149895583574,percent,abs,0.1,"{""net_margin_instead"": 13.728826668729214, ""prior_year"": 21.15557297023722}",-50.0,70.0,fiscal_calendar,Industrials,small
calc_operating_margin-AAPL-2023,calc_operating_margin,calculation,AAPL,2023,"What was Apple Inc.'s (AAPL) operating margin in fiscal year 2023? Answer in percent, to one decimal place.",29.821412265024723,percent,abs,0.1,"{""net_margin_instead"": 25.30623426432028, ""prior_year"": 30.288744395528592}",-50.0,70.0,fiscal_calendar,Information Technology,large
calc_operating_margin-AAPL-2022,calc_operating_margin,calculation,AAPL,2022,"What was Apple Inc.'s (AAPL) operating margin in fiscal year 2022? Answer in percent, to one decimal place.",30.288744395528592,percent,abs,0.1,"{""net_margin_instead"": 25.309640705199733, ""prior_year"": 29.782377527561593}",-50.0,70.0,fiscal_calendar,Information Technology,large
calc_operating_margin-LIN-2019,calc_operating_margin,calculation,LIN,2019,"What was Linde plc's (LIN) operating margin in fiscal year 2019? Answer in percent, to one decimal place.",10.390392518067168,percent,abs,0.1,"{""net_margin_instead"": 8.094799489868217, ""prior_year"": 35.366675653815044}",-50.0,70.0,,Materials,mid
calc_operating_margin-LIN-2021,calc_operating_margin,calculation,LIN,2021,"What was Linde plc's (LIN) operating margin in fiscal year 2021? Answer in percent, to one decimal place.",16.185496703796318,percent,abs,0.1,"{""net_margin_instead"": 12.424901763387783, ""prior_year"": 12.193958080974928}",-50.0,70.0,,Materials,mid
calc_operating_margin-SHW-2020,calc_operating_margin,calculation,SHW,2020,"What was THE SHERWIN-WILLIAMS COMPANY's (SHW) operating margin in fiscal year 2020? Answer in percent, to one decimal place.",18.374115686456047,percent,abs,0.1,"{""net_margin_instead"": 11.05779965907296, ""prior_year"": 15.690918841616016}",-50.0,70.0,,Materials,small
calc_operating_margin-SO-2022,calc_operating_margin,calculation,SO,2022,"What was SOUTHERN CO's (SO) operating margin in fiscal year 2022? Answer in percent, to one decimal place.",18.34079032753851,percent,abs,0.1,"{""net_margin_instead"": 12.035930188872571, ""prior_year"": 15.999653874442954}",-50.0,70.0,,Utilities,small
calc_operating_margin-DUK-2019,calc_operating_margin,calculation,DUK,2019,"What was Duke Energy CORP's (DUK) operating margin in fiscal year 2019? Answer in percent, to one decimal place.",22.764065552852987,percent,abs,0.1,"{""net_margin_instead"": 14.944774512540373, ""prior_year"": 19.106072346152278}",-50.0,70.0,,Utilities,small
calc_operating_margin-NEE-2019,calc_operating_margin,calculation,NEE,2019,"What was NEXTERA ENERGY INC's (NEE) operating margin in fiscal year 2019? Answer in percent, to one decimal place.",27.874401166423663,percent,abs,0.1,"{""net_margin_instead"": 19.62611955842533, ""prior_year"": 25.58737370718001}",-50.0,70.0,,Utilities,small
calc_pe-META-2024,calc_pe,market_calc,META,2024,"Compute Meta Platforms, Inc.'s (META) trailing P/E ratio at the end of fiscal year 2024: the closing share price on the last trading day on or before the fiscal year-end date (December 31, 2024), divided by diluted EPS for fiscal year 2024 as reported in that year's 10-K. Round to one decimal place.",24.539396888752098,ratio,rel,0.02,{},0.0,150.0,point_in_time,Communication Services,large
calc_pe-META-2019,calc_pe,market_calc,META,2019,"Compute Meta Platforms, Inc.'s (META) trailing P/E ratio at the end of fiscal year 2019: the closing share price on the last trading day on or before the fiscal year-end date (December 31, 2019), divided by diluted EPS for fiscal year 2019 as reported in that year's 10-K. Round to one decimal place.",31.920684292379473,ratio,rel,0.02,{},0.0,150.0,point_in_time,Communication Services,large
calc_pe-NKE-2020,calc_pe,market_calc,NKE,2020,"Compute NIKE, Inc.'s (NKE) trailing P/E ratio at the end of fiscal year 2020: the closing share price on the last trading day on or before the fiscal year-end date (May 31, 2020), divided by diluted EPS for fiscal year 2020 as reported in that year's 10-K. Round to one decimal place.",61.61250114440918,ratio,rel,0.02,{},0.0,150.0,"fiscal_calendar,point_in_time",Consumer Discretionary,small
calc_pe-KO-2021,calc_pe,market_calc,KO,2021,"Compute COCA COLA CO's (KO) trailing P/E ratio at the end of fiscal year 2021: the closing share price on the last trading day on or before the fiscal year-end date (December 31, 2021), divided by diluted EPS for fiscal year 2021 as reported in that year's 10-K. Round to one decimal place.",26.315555148654514,ratio,rel,0.02,{},0.0,150.0,point_in_time,Consumer Staples,mid
calc_pe-WMT-2022,calc_pe,market_calc,WMT,2022,"Compute WALMART INC.'s (WMT) trailing P/E ratio at the end of fiscal year 2022: the closing share price on the last trading day on or before the fiscal year-end date (January 31, 2022), divided by diluted EPS for fiscal year 2022 as reported in that year's 10-K. Round to one decimal place.",28.70841838985498,ratio,rel,0.02,"{""split_adjusted_price"": 9.569472796618326, ""split_adjusted_eps"": 86.30246762876156}",0.0,150.0,"fiscal_calendar,point_in_time,split_adjustment",Consumer Staples,large
calc_pe-CVX-2022,calc_pe,market_calc,CVX,2022,"Compute Chevron Corp's (CVX) trailing P/E ratio at the end of fiscal year 2022: the closing share price on the last trading day on or before the fiscal year-end date (December 31, 2022), divided by diluted EPS for fiscal year 2022 as reported in that year's 10-K. Round to one decimal place.",9.818928090435671,ratio,rel,0.02,{},0.0,150.0,point_in_time,Energy,mid
calc_pe-JPM-2020,calc_pe,market_calc,JPM,2020,"Compute JPMORGAN CHASE & CO's (JPM) trailing P/E ratio at the end of fiscal year 2020: the closing share price on the last trading day on or before the fiscal year-end date (December 31, 2020), divided by diluted EPS for fiscal year 2020 as reported in that year's 10-K. Round to one decimal place.",14.309684650318042,ratio,rel,0.02,{},0.0,150.0,point_in_time,Financials,large
calc_pe-PFE-2023,calc_pe,market_calc,PFE,2023,"Compute PFIZER INC's (PFE) trailing P/E ratio at the end of fiscal year 2023: the closing share price on the last trading day on or before the fiscal year-end date (December 31, 2023), divided by diluted EPS for fiscal year 2023 as reported in that year's 10-K. Round to one decimal place.",77.81081328520904,ratio,rel,0.02,{},0.0,150.0,point_in_time,Health Care,small
calc_pe-UNH-2020,calc_pe,market_calc,UNH,2020,"Compute UnitedHealth Group Incorporated's (UNH) trailing P/E ratio at the end of fiscal year 2020: the closing share price on the last trading day on or before the fiscal year-end date (December 31, 2020), divided by diluted EPS for fiscal year 2020 as reported in that year's 10-K. Round to one decimal place.",21.87648114009864,ratio,rel,0.02,{},0.0,150.0,point_in_time,Health Care,mid
calc_pe-CAT-2019,calc_pe,market_calc,CAT,2019,"Compute CATERPILLAR INC's (CAT) trailing P/E ratio at the end of fiscal year 2019: the closing share price on the last trading day on or before the fiscal year-end date (December 31, 2019), divided by diluted EPS for fiscal year 2019 as reported in that year's 10-K. Round to one decimal place.",13.750464867391177,ratio,rel,0.02,{},0.0,150.0,point_in_time,Industrials,large
calc_pe-HON-2022,calc_pe,market_calc,HON,2022,"Compute Honeywell International Inc's (HON) trailing P/E ratio at the end of fiscal year 2022: the closing share price on the last trading day on or before the fiscal year-end date (December 31, 2022), divided by diluted EPS for fiscal year 2022 as reported in that year's 10-K. Round to one decimal place.",29.477304242087133,ratio,rel,0.02,"{""split_adjusted_price"": 29.13745948340247}",0.0,150.0,point_in_time,Industrials,small
calc_pe-NVDA-2024,calc_pe,market_calc,NVDA,2024,"Compute NVIDIA CORP's (NVDA) trailing P/E ratio at the end of fiscal year 2024: the closing share price on the last trading day on or before the fiscal year-end date (January 28, 2024), divided by diluted EPS for fiscal year 2024 as reported in that year's 10-K. Round to one decimal place.",51.15758443418313,ratio,rel,0.02,"{""split_adjusted_price"": 5.115758443418312, ""split_adjusted_eps"": 512.8655313443737}",0.0,150.0,"fiscal_calendar,point_in_time,split_adjustment",Information Technology,large
calc_pe-IBM-2024,calc_pe,market_calc,IBM,2024,"Compute INTERNATIONAL BUSINESS MACHINES CORP's (IBM) trailing P/E ratio at the end of fiscal year 2024: the closing share price on the last trading day on or before the fiscal year-end date (December 31, 2024), divided by diluted EPS for fiscal year 2024 as reported in that year's 10-K. Round to one decimal place.",34.188180689122035,ratio,rel,0.02,{},0.0,150.0,point_in_time,Information Technology,mid
calc_pe-SHW-2021,calc_pe,market_calc,SHW,2021,"Compute THE SHERWIN-WILLIAMS COMPANY's (SHW) trailing P/E ratio at the end of fiscal year 2021: the closing share price on the last trading day on or before the fiscal year-end date (December 31, 2021), divided by diluted EPS for fiscal year 2021 as reported in that year's 10-K. Round to one decimal place.",50.45272258769475,ratio,rel,0.02,{},0.0,150.0,point_in_time,Materials,small
calc_pe-NEE-2023,calc_pe,market_calc,NEE,2023,"Compute NEXTERA ENERGY INC's (NEE) trailing P/E ratio at the end of fiscal year 2023: the closing share price on the last trading day on or before the fiscal year-end date (December 31, 2023), divided by diluted EPS for fiscal year 2023 as reported in that year's 10-K. Round to one decimal place.",16.872222688462998,ratio,rel,0.02,{},0.0,150.0,point_in_time,Utilities,small
market_total_return-GOOGL-2020,market_total_return,market_calc,GOOGL,2020,"What was Alphabet Inc.'s (GOOGL) total shareholder return in calendar year 2020, including reinvested dividends? Use closing prices on the last trading day of 2019 and of 2020. Answer in percent, to one decimal place.",30.85362592775114,percent,abs,0.5,{},-80.0,300.0,,Communication Services,large
market_total_return-HD-2021,market_total_return,market_calc,HD,2021,"What was The Home Depot, Inc.'s (HD) total shareholder return in calendar year 2021, including reinvested dividends? Use closing prices on the last trading day of 2020 and of 2021. Answer in percent, to one decimal place.",59.50601654672995,percent,abs,0.5,"{""price_return_only"": 56.24200639809849}",-80.0,300.0,total_vs_price_return,Consumer Discretionary,mid
market_total_return-WMT-2021,market_total_return,market_calc,WMT,2021,"What was WALMART INC.'s (WMT) total shareholder return in calendar year 2021, including reinvested dividends? Use closing prices on the last trading day of 2020 and of 2021. Answer in percent, to one decimal place.",1.9708073514371316,percent,abs,0.5,"{""price_return_only"": 0.37461042254700594}",-80.0,300.0,total_vs_price_return,Consumer Staples,large
market_total_return-XOM-2019,market_total_return,market_calc,XOM,2019,"What was Exxon Mobil Corporation / ExxonMobil Holdings Corp's (XOM) total shareholder return in calendar year 2019, including reinvested dividends? Use closing prices on the last trading day of 2018 and of 2019. Answer in percent, to one decimal place.",7.232838589908153,percent,abs,0.5,"{""price_return_only"": 2.3317147396451077}",-80.0,300.0,total_vs_price_return,Energy,large
market_total_return-GS-2024,market_total_return,market_calc,GS,2024,"What was The Goldman Sachs Group, Inc.'s (GS) total shareholder return in calendar year 2024, including reinvested dividends? Use closing prices on the last trading day of 2023 and of 2024. Answer in percent, to one decimal place.",52.03127693602801,percent,abs,0.5,"{""price_return_only"": 48.43559930134782}",-80.0,300.0,total_vs_price_return,Financials,mid
market_total_return-PFE-2024,market_total_return,market_calc,PFE,2024,"What was PFIZER INC's (PFE) total shareholder return in calendar year 2024, including reinvested dividends? Use closing prices on the last trading day of 2023 and of 2024. Answer in percent, to one decimal place.",-2.21706652396666,percent,abs,0.5,"{""price_return_only"": -7.849948443950716}",-80.0,300.0,total_vs_price_return,Health Care,small
market_total_return-CAT-2023,market_total_return,market_calc,CAT,2023,"What was CATERPILLAR INC's (CAT) total shareholder return in calendar year 2023, including reinvested dividends? Use closing prices on the last trading day of 2022 and of 2023. Answer in percent, to one decimal place.",25.948775975171934,percent,abs,0.5,"{""price_return_only"": 23.42211405951311}",-80.0,300.0,total_vs_price_return,Industrials,large
market_total_return-AAPL-2020,market_total_return,market_calc,AAPL,2020,"What was Apple Inc.'s (AAPL) total shareholder return in calendar year 2020, including reinvested dividends? Use closing prices on the last trading day of 2019 and of 2020. Answer in percent, to one decimal place.",82.30670658548152,percent,abs,0.5,"{""price_return_only"": 80.74579288182282}",-80.0,300.0,total_vs_price_return,Information Technology,large
market_total_return-LIN-2022,market_total_return,market_calc,LIN,2022,"What was Linde plc's (LIN) total shareholder return in calendar year 2022, including reinvested dividends? Use closing prices on the last trading day of 2021 and of 2022. Answer in percent, to one decimal place.",-4.393730551003394,percent,abs,0.5,"{""price_return_only"": -5.845336843842985}",-80.0,300.0,total_vs_price_return,Materials,mid
market_total_return-DUK-2022,market_total_return,market_calc,DUK,2022,"What was Duke Energy CORP's (DUK) total shareholder return in calendar year 2022, including reinvested dividends? Use closing prices on the last trading day of 2021 and of 2022. Answer in percent, to one decimal place.",2.0264564320512823,percent,abs,0.5,"{""price_return_only"": -1.8207851614169712}",-80.0,300.0,total_vs_price_return,Utilities,small
earnings_reaction-NFLX-20240123,earnings_reaction,market_calc,NFLX,2024,"NETFLIX INC (NFLX) announced quarterly results on January 23, 2024 at 4:00 PM New York time, after the market closed. What was the stock's abnormal return versus SPY (stock return minus SPY return, close to close, dividends included) in the first full trading session that could react to the news? Answer in percent, to two decimal places.",10.593840988909676,percent,abs,0.05,"{""raw_return_not_abnormal"": 10.703178756681098, ""wrong_session"": 1.0424928970449665}",-40.0,40.0,"abnormal_vs_raw,announcement_timing",Communication Services,mid
earnings_reaction-NFLX-20230119,earnings_reaction,market_calc,NFLX,2023,"NETFLIX INC (NFLX) announced quarterly results on January 19, 2023 at 4:00 PM New York time, after the market closed. What was the stock's abnormal return versus SPY (stock return minus SPY return, close to close, dividends included) in the first full trading session that could react to the news? Answer in percent, to two decimal places.",6.5987042156899545,percent,abs,0.05,"{""raw_return_not_abnormal"": 8.461590220709558, ""wrong_session"": -2.504926109491268}",-40.0,40.0,"abnormal_vs_raw,announcement_timing",Communication Services,mid
earnings_reaction-NKE-20200625,earnings_reaction,market_calc,NKE,2020,"NIKE, Inc. (NKE) announced quarterly results on June 25, 2020 at 4:00 PM New York time, after the market closed. What was the stock's abnormal return versus SPY (stock return minus SPY return, close to close, dividends included) in the first full trading session that could react to the news? Answer in percent, to two decimal places.",-5.248161603472912,percent,abs,0.05,"{""raw_return_not_abnormal"": -7.623305575830219, ""wrong_session"": 0.24689888271993699}",-40.0,40.0,"abnormal_vs_raw,announcement_timing",Consumer Discretionary,small
earnings_reaction-NKE-20200922,earnings_reaction,market_calc,NKE,2020,"NIKE, Inc. (NKE) announced quarterly results on September 22, 2020 at 4:00 PM New York time, after the market closed. What was the stock's abnormal return versus SPY (stock return minus SPY return, close to close, dividends included) in the first full trading session that could react to the news? Answer in percent, to two decimal places.",11.080944947575233,percent,abs,0.05,"{""raw_return_not_abnormal"": 8.761856366487674, ""wrong_session"": 2.0687666161259166}",-40.0,40.0,"abnormal_vs_raw,announcement_timing",Consumer Discretionary,small
earnings_reaction-PG-20240730,earnings_reaction,market_calc,PG,2024,"The Procter & Gamble Company (PG) announced quarterly results on July 30, 2024 at 7:00 AM New York time, before the market opened. What was the stock's abnormal return versus SPY (stock return minus SPY return, close to close, dividends included) in the first full trading session that could react to the news? Answer in percent, to two decimal places.",-4.33652223658293,percent,abs,0.05,"{""raw_return_not_abnormal"": -4.843171162967808, ""wrong_session"": -2.2067865036183743}",-40.0,40.0,"abnormal_vs_raw,announcement_timing",Consumer Staples,mid
earnings_reaction-PG-20211019,earnings_reaction,market_calc,PG,2021,"The Procter & Gamble Company (PG) announced quarterly results on October 19, 2021 at 7:00 AM New York time, before the market opened. What was the stock's abnormal return versus SPY (stock return minus SPY return, close to close, dividends included) in the first full trading session that could react to the news? Answer in percent, to two decimal places.",-1.951750823350662,percent,abs,0.05,"{""raw_return_not_abnormal"": -1.1802561636256481, ""wrong_session"": -0.0017902962878402207}",-40.0,40.0,"abnormal_vs_raw,announcement_timing",Consumer Staples,mid
earnings_reaction-CVX-20200501,earnings_reaction,market_calc,CVX,2020,"Chevron Corp (CVX) announced quarterly results on May 01, 2020 at 7:00 AM New York time, before the market opened. What was the stock's abnormal return versus SPY (stock return minus SPY return, close to close, dividends included) in the first full trading session that could react to the news? Answer in percent, to two decimal places.",-0.1352482785111464,percent,abs,0.05,"{""raw_return_not_abnormal"": -2.782619745376247, ""wrong_session"": 1.9603142334628787}",-40.0,40.0,"abnormal_vs_raw,announcement_timing",Energy,mid
earnings_reaction-COP-20201029,earnings_reaction,market_calc,COP,2020,"ConocoPhillips (COP) announced quarterly results on October 29, 2020 at 7:00 AM New York time, before the market opened. What was the stock's abnormal return versus SPY (stock return minus SPY return, close to close, dividends included) in the first full trading session that could react to the news? Answer in percent, to two decimal places.",0.2688523429016598,percent,abs,0.05,"{""raw_return_not_abnormal"": 1.2851801779124816, ""wrong_session"": -0.8093966307599287}",-40.0,40.0,"abnormal_vs_raw,announcement_timing",Energy,small
earnings_reaction-GS-20211015,earnings_reaction,market_calc,GS,2021,"The Goldman Sachs Group, Inc. (GS) announced quarterly results on October 15, 2021 at 8:00 AM New York time, before the market opened. What was the stock's abnormal return versus SPY (stock return minus SPY return, close to close, dividends included) in the first full trading session that could react to the news? Answer in percent, to two decimal places.",3.0395631018207414,percent,abs,0.05,"{""raw_return_not_abnormal"": 3.8011248398193365, ""wrong_session"": 1.580462101290836}",-40.0,40.0,"abnormal_vs_raw,announcement_timing",Financials,mid
earnings_reaction-GS-20190116,earnings_reaction,market_calc,GS,2019,"The Goldman Sachs Group, Inc. (GS) announced quarterly results on January 16, 2019 at 7:00 AM New York time, before the market opened. What was the stock's abnormal return versus SPY (stock return minus SPY return, close to close, dividends included) in the first full trading session that could react to the news? Answer in percent, to two decimal places.",9.301661869283251,percent,abs,0.05,"{""raw_return_not_abnormal"": 9.5436659708807, ""wrong_session"": 0.2612205301529169}",-40.0,40.0,"abnormal_vs_raw,announcement_timing",Financials,mid
earnings_reaction-UNH-20210415,earnings_reaction,market_calc,UNH,2021,"UnitedHealth Group Incorporated (UNH) announced quarterly results on April 15, 2021 at 5:00 AM New York time, before the market opened. What was the stock's abnormal return versus SPY (stock return minus SPY return, close to close, dividends included) in the first full trading session that could react to the news? Answer in percent, to two decimal places.",2.7540059123415173,percent,abs,0.05,"{""raw_return_not_abnormal"": 3.828237811670898, ""wrong_session"": -0.07783361113931075}",-40.0,40.0,"abnormal_vs_raw,announcement_timing",Health Care,mid
earnings_reaction-JNJ-20190122,earnings_reaction,market_calc,JNJ,2019,"Johnson & Johnson (JNJ) announced quarterly results on January 22, 2019 at 6:00 AM New York time, before the market opened. What was the stock's abnormal return versus SPY (stock return minus SPY return, close to close, dividends included) in the first full trading session that could react to the news? Answer in percent, to two decimal places.",-0.09513291398585144,percent,abs,0.05,"{""raw_return_not_abnormal"": -1.446154299398339, ""wrong_session"": -0.20922333861199682}",-40.0,40.0,"abnormal_vs_raw,announcement_timing",Health Care,large
earnings_reaction-CAT-20200428,earnings_reaction,market_calc,CAT,2020,"CATERPILLAR INC (CAT) announced quarterly results on April 28, 2020 at 7:00 AM New York time, before the market opened. What was the stock's abnormal return versus SPY (stock return minus SPY return, close to close, dividends included) in the first full trading session that could react to the news? Answer in percent, to two decimal places.",0.6855204060460918,percent,abs,0.05,"{""raw_return_not_abnormal"": 0.22570782991582217, ""wrong_session"": 1.366237414563054}",-40.0,40.0,"abnormal_vs_raw,announcement_timing",Industrials,large
earnings_reaction-CAT-20210429,earnings_reaction,market_calc,CAT,2021,"CATERPILLAR INC (CAT) announced quarterly results on April 29, 2021 at 6:00 AM New York time, before the market opened. What was the stock's abnormal return versus SPY (stock return minus SPY return, close to close, dividends included) in the first full trading session that could react to the news? Answer in percent, to two decimal places.",-2.7164491354502607,percent,abs,0.05,"{""raw_return_not_abnormal"": -2.0792048781544503, ""wrong_session"": 0.9383921670139128}",-40.0,40.0,"abnormal_vs_raw,announcement_timing",Industrials,large
earnings_reaction-AAPL-20190129,earnings_reaction,market_calc,AAPL,2019,"Apple Inc. (AAPL) announced quarterly results on January 29, 2019 at 4:00 PM New York time, after the market closed. What was the stock's abnormal return versus SPY (stock return minus SPY return, close to close, dividends included) in the first full trading session that could react to the news? Answer in percent, to two decimal places.",5.25033267245143,percent,abs,0.05,"{""raw_return_not_abnormal"": 6.833424256458964, ""wrong_session"": -0.9037545630071642}",-40.0,40.0,"abnormal_vs_raw,announcement_timing",Information Technology,large
earnings_reaction-IBM-20230419,earnings_reaction,market_calc,IBM,2023,"INTERNATIONAL BUSINESS MACHINES CORP (IBM) announced quarterly results on April 19, 2023 at 4:00 PM New York time, after the market closed. What was the stock's abnormal return versus SPY (stock return minus SPY return, close to close, dividends included) in the first full trading session that could react to the news? Answer in percent, to two decimal places.",0.5773829670459363,percent,abs,0.05,"{""raw_return_not_abnormal"": 0.03166636825200353, ""wrong_session"": -1.125706362061496}",-40.0,40.0,"abnormal_vs_raw,announcement_timing",Information Technology,mid
earnings_reaction-SHW-20240723,earnings_reaction,market_calc,SHW,2024,"THE SHERWIN-WILLIAMS COMPANY (SHW) announced quarterly results on July 23, 2024 at 7:00 AM New York time, before the market opened. What was the stock's abnormal return versus SPY (stock return minus SPY return, close to close, dividends included) in the first full trading session that could react to the news? Answer in percent, to two decimal places.",7.028289927894827,percent,abs,0.05,"{""raw_return_not_abnormal"": 6.8714111160993685, ""wrong_session"": -1.356396314840691}",-40.0,40.0,"abnormal_vs_raw,announcement_timing",Materials,small
earnings_reaction-APD-20231107,earnings_reaction,market_calc,APD,2023,"AIR PRODUCTS AND CHEMICALS, INC. (APD) announced quarterly results on November 07, 2023 at 6:00 AM New York time, before the market opened. What was the stock's abnormal return versus SPY (stock return minus SPY return, close to close, dividends included) in the first full trading session that could react to the news? Answer in percent, to two decimal places.",-12.931365961858965,percent,abs,0.05,"{""raw_return_not_abnormal"": -12.646759154813092, ""wrong_session"": 2.076421481320856}",-40.0,40.0,"abnormal_vs_raw,announcement_timing",Materials,small
earnings_reaction-DUK-20200213,earnings_reaction,market_calc,DUK,2020,"Duke Energy CORP (DUK) announced quarterly results on February 13, 2020 at 6:00 AM New York time, before the market opened. What was the stock's abnormal return versus SPY (stock return minus SPY return, close to close, dividends included) in the first full trading session that could react to the news? Answer in percent, to two decimal places.",3.339499145354885,percent,abs,0.05,"{""raw_return_not_abnormal"": 3.232808043647406, ""wrong_session"": 1.0085162021424177}",-40.0,40.0,"abnormal_vs_raw,announcement_timing",Utilities,small
earnings_reaction-NEE-20230725,earnings_reaction,market_calc,NEE,2023,"NEXTERA ENERGY INC (NEE) announced quarterly results on July 25, 2023 at 7:00 AM New York time, before the market opened. What was the stock's abnormal return versus SPY (stock return minus SPY return, close to close, dividends included) in the first full trading session that could react to the news? Answer in percent, to two decimal places.",-0.3524755615716524,percent,abs,0.05,"{""raw_return_not_abnormal"": -0.07945517089869014, ""wrong_session"": -1.4337133065440155}",-40.0,40.0,"abnormal_vs_raw,announcement_timing",Utilities,small
reasoning_margin_drivers-GOOGL-2022,reasoning_margin_drivers,reasoning,GOOGL,2022,"Explain what drove the change in Alphabet Inc.'s (GOOGL) operating margin from fiscal year 2021 to fiscal year 2022. Quantify revenue growth, operating income growth and the margin change in percentage points, then give the most likely explanation.",,text,,,{},,,,Communication Services,large
reasoning_margin_drivers-NFLX-2020,reasoning_margin_drivers,reasoning,NFLX,2020,"Explain what drove the change in NETFLIX INC's (NFLX) operating margin from fiscal year 2019 to fiscal year 2020. Quantify revenue growth, operating income growth and the margin change in percentage points, then give the most likely explanation.",,text,,,{},,,,Communication Services,mid
reasoning_margin_drivers-NFLX-2021,reasoning_margin_drivers,reasoning,NFLX,2021,"Explain what drove the change in NETFLIX INC's (NFLX) operating margin from fiscal year 2020 to fiscal year 2021. Quantify revenue growth, operating income growth and the margin change in percentage points, then give the most likely explanation.",,text,,,{},,,,Communication Services,mid
reasoning_margin_drivers-GOOGL-2019,reasoning_margin_drivers,reasoning,GOOGL,2019,"Explain what drove the change in Alphabet Inc.'s (GOOGL) operating margin from fiscal year 2018 to fiscal year 2019. Quantify revenue growth, operating income growth and the margin change in percentage points, then give the most likely explanation.",,text,,,{},,,,Communication Services,large
reasoning_margin_drivers-HD-2019,reasoning_margin_drivers,reasoning,HD,2019,"Explain what drove the change in The Home Depot, Inc.'s (HD) operating margin from fiscal year 2018 to fiscal year 2019. Quantify revenue growth, operating income growth and the margin change in percentage points, then give the most likely explanation.",,text,,,{},,,fiscal_calendar,Consumer Discretionary,mid
reasoning_margin_drivers-HD-2020,reasoning_margin_drivers,reasoning,HD,2020,"Explain what drove the change in The Home Depot, Inc.'s (HD) operating margin from fiscal year 2019 to fiscal year 2020. Quantify revenue growth, operating income growth and the margin change in percentage points, then give the most likely explanation.",,text,,,{},,,fiscal_calendar,Consumer Discretionary,mid
reasoning_margin_drivers-AMZN-2019,reasoning_margin_drivers,reasoning,AMZN,2019,"Explain what drove the change in AMAZON COM INC's (AMZN) operating margin from fiscal year 2018 to fiscal year 2019. Quantify revenue growth, operating income growth and the margin change in percentage points, then give the most likely explanation.",,text,,,{},,,,Consumer Discretionary,large
reasoning_margin_drivers-WMT-2024,reasoning_margin_drivers,reasoning,WMT,2024,"Explain what drove the change in WALMART INC.'s (WMT) operating margin from fiscal year 2023 to fiscal year 2024. Quantify revenue growth, operating income growth and the margin change in percentage points, then give the most likely explanation.",,text,,,{},,,fiscal_calendar,Consumer Staples,large
reasoning_margin_drivers-KO-2020,reasoning_margin_drivers,reasoning,KO,2020,"Explain what drove the change in COCA COLA CO's (KO) operating margin from fiscal year 2019 to fiscal year 2020. Quantify revenue growth, operating income growth and the margin change in percentage points, then give the most likely explanation.",,text,,,{},,,,Consumer Staples,mid
reasoning_margin_drivers-WMT-2021,reasoning_margin_drivers,reasoning,WMT,2021,"Explain what drove the change in WALMART INC.'s (WMT) operating margin from fiscal year 2020 to fiscal year 2021. Quantify revenue growth, operating income growth and the margin change in percentage points, then give the most likely explanation.",,text,,,{},,,fiscal_calendar,Consumer Staples,large
reasoning_margin_drivers-WMT-2019,reasoning_margin_drivers,reasoning,WMT,2019,"Explain what drove the change in WALMART INC.'s (WMT) operating margin from fiscal year 2018 to fiscal year 2019. Quantify revenue growth, operating income growth and the margin change in percentage points, then give the most likely explanation.",,text,,,{},,,fiscal_calendar,Consumer Staples,large
reasoning_margin_drivers-V-2024,reasoning_margin_drivers,reasoning,V,2024,"Explain what drove the change in VISA INC.'s (V) operating margin from fiscal year 2023 to fiscal year 2024. Quantify revenue growth, operating income growth and the margin change in percentage points, then give the most likely explanation.",,text,,,{},,,fiscal_calendar,Financials,unknown
reasoning_margin_drivers-V-2020,reasoning_margin_drivers,reasoning,V,2020,"Explain what drove the change in VISA INC.'s (V) operating margin from fiscal year 2019 to fiscal year 2020. Quantify revenue growth, operating income growth and the margin change in percentage points, then give the most likely explanation.",,text,,,{},,,fiscal_calendar,Financials,unknown
reasoning_margin_drivers-UNH-2022,reasoning_margin_drivers,reasoning,UNH,2022,"Explain what drove the change in UnitedHealth Group Incorporated's (UNH) operating margin from fiscal year 2021 to fiscal year 2022. Quantify revenue growth, operating income growth and the margin change in percentage points, then give the most likely explanation.",,text,,,{},,,,Health Care,mid
reasoning_margin_drivers-UNH-2021,reasoning_margin_drivers,reasoning,UNH,2021,"Explain what drove the change in UnitedHealth Group Incorporated's (UNH) operating margin from fiscal year 2020 to fiscal year 2021. Quantify revenue growth, operating income growth and the margin change in percentage points, then give the most likely explanation.",,text,,,{},,,,Health Care,mid
reasoning_margin_drivers-DE-2021,reasoning_margin_drivers,reasoning,DE,2021,"Explain what drove the change in DEERE & CO's (DE) operating margin from fiscal year 2020 to fiscal year 2021. Quantify revenue growth, operating income growth and the margin change in percentage points, then give the most likely explanation.",,text,,,{},,,fiscal_calendar,Industrials,small
reasoning_margin_drivers-CAT-2023,reasoning_margin_drivers,reasoning,CAT,2023,"Explain what drove the change in CATERPILLAR INC's (CAT) operating margin from fiscal year 2022 to fiscal year 2023. Quantify revenue growth, operating income growth and the margin change in percentage points, then give the most likely explanation.",,text,,,{},,,,Industrials,large
reasoning_margin_drivers-DE-2023,reasoning_margin_drivers,reasoning,DE,2023,"Explain what drove the change in DEERE & CO's (DE) operating margin from fiscal year 2022 to fiscal year 2023. Quantify revenue growth, operating income growth and the margin change in percentage points, then give the most likely explanation.",,text,,,{},,,fiscal_calendar,Industrials,small
reasoning_margin_drivers-CAT-2019,reasoning_margin_drivers,reasoning,CAT,2019,"Explain what drove the change in CATERPILLAR INC's (CAT) operating margin from fiscal year 2018 to fiscal year 2019. Quantify revenue growth, operating income growth and the margin change in percentage points, then give the most likely explanation.",,text,,,{},,,,Industrials,large
reasoning_margin_drivers-AAPL-2024,reasoning_margin_drivers,reasoning,AAPL,2024,"Explain what drove the change in Apple Inc.'s (AAPL) operating margin from fiscal year 2023 to fiscal year 2024. Quantify revenue growth, operating income growth and the margin change in percentage points, then give the most likely explanation.",,text,,,{},,,fiscal_calendar,Information Technology,large
reasoning_margin_drivers-AAPL-2023,reasoning_margin_drivers,reasoning,AAPL,2023,"Explain what drove the change in Apple Inc.'s (AAPL) operating margin from fiscal year 2022 to fiscal year 2023. Quantify revenue growth, operating income growth and the margin change in percentage points, then give the most likely explanation.",,text,,,{},,,fiscal_calendar,Information Technology,large
reasoning_margin_drivers-NVDA-2019,reasoning_margin_drivers,reasoning,NVDA,2019,"Explain what drove the change in NVIDIA CORP's (NVDA) operating margin from fiscal year 2018 to fiscal year 2019. Quantify revenue growth, operating income growth and the margin change in percentage points, then give the most likely explanation.",,text,,,{},,,fiscal_calendar,Information Technology,large
reasoning_margin_drivers-APD-2019,reasoning_margin_drivers,reasoning,APD,2019,"Explain what drove the change in AIR PRODUCTS AND CHEMICALS, INC.'s (APD) operating margin from fiscal year 2018 to fiscal year 2019. Quantify revenue growth, operating income growth and the margin change in percentage points, then give the most likely explanation.",,text,,,{},,,fiscal_calendar,Materials,small
reasoning_margin_drivers-LIN-2022,reasoning_margin_drivers,reasoning,LIN,2022,"Explain what drove the change in Linde plc's (LIN) operating margin from fiscal year 2021 to fiscal year 2022. Quantify revenue growth, operating income growth and the margin change in percentage points, then give the most likely explanation.",,text,,,{},,,,Materials,mid
reasoning_margin_drivers-LIN-2024,reasoning_margin_drivers,reasoning,LIN,2024,"Explain what drove the change in Linde plc's (LIN) operating margin from fiscal year 2023 to fiscal year 2024. Quantify revenue growth, operating income growth and the margin change in percentage points, then give the most likely explanation.",,text,,,{},,,,Materials,mid
reasoning_margin_drivers-APD-2024,reasoning_margin_drivers,reasoning,APD,2024,"Explain what drove the change in AIR PRODUCTS AND CHEMICALS, INC.'s (APD) operating margin from fiscal year 2023 to fiscal year 2024. Quantify revenue growth, operating income growth and the margin change in percentage points, then give the most likely explanation.",,text,,,{},,,fiscal_calendar,Materials,small
reasoning_margin_drivers-DUK-2024,reasoning_margin_drivers,reasoning,DUK,2024,"Explain what drove the change in Duke Energy CORP's (DUK) operating margin from fiscal year 2023 to fiscal year 2024. Quantify revenue growth, operating income growth and the margin change in percentage points, then give the most likely explanation.",,text,,,{},,,,Utilities,small
reasoning_margin_drivers-DUK-2019,reasoning_margin_drivers,reasoning,DUK,2019,"Explain what drove the change in Duke Energy CORP's (DUK) operating margin from fiscal year 2018 to fiscal year 2019. Quantify revenue growth, operating income growth and the margin change in percentage points, then give the most likely explanation.",,text,,,{},,,,Utilities,small
reasoning_margin_drivers-SO-2019,reasoning_margin_drivers,reasoning,SO,2019,"Explain what drove the change in SOUTHERN CO's (SO) operating margin from fiscal year 2018 to fiscal year 2019. Quantify revenue growth, operating income growth and the margin change in percentage points, then give the most likely explanation.",,text,,,{},,,,Utilities,small
reasoning_margin_drivers-NEE-2020,reasoning_margin_drivers,reasoning,NEE,2020,"Explain what drove the change in NEXTERA ENERGY INC's (NEE) operating margin from fiscal year 2019 to fiscal year 2020. Quantify revenue growth, operating income growth and the margin change in percentage points, then give the most likely explanation.",,text,,,{},,,,Utilities,small
