metric,frequency,status,n,share_of_metric
diluted_shares,annual,match,106,0.8833333333333333
diluted_shares,annual,missing_in_sec,4,0.03333333333333333
diluted_shares,annual,split_basis,1,0.008333333333333333
diluted_shares,annual,unexplained,1,0.008333333333333333
diluted_shares,annual,unrecorded_basis_change,4,0.03333333333333333
diluted_shares,annual,vendor_only_metric,4,0.03333333333333333
diluted_shares,quarterly,match,103,0.6866666666666666
diluted_shares,quarterly,missing_in_sec,8,0.05333333333333334
diluted_shares,quarterly,q4_not_filed,31,0.20666666666666667
diluted_shares,quarterly,split_basis,1,0.006666666666666667
diluted_shares,quarterly,unrecorded_basis_change,2,0.013333333333333334
diluted_shares,quarterly,vendor_only_metric,5,0.03333333333333333
eps_diluted,annual,match,108,0.9
eps_diluted,annual,split_basis,1,0.008333333333333333
eps_diluted,annual,unexplained,3,0.025
eps_diluted,annual,unrecorded_basis_change,4,0.03333333333333333
eps_diluted,annual,vendor_only_metric,4,0.03333333333333333
eps_diluted,quarterly,match,107,0.7133333333333334
eps_diluted,quarterly,missing_in_sec,4,0.02666666666666667
eps_diluted,quarterly,q4_not_filed,30,0.2
eps_diluted,quarterly,split_basis,1,0.006666666666666667
eps_diluted,quarterly,unexplained,1,0.006666666666666667
eps_diluted,quarterly,unrecorded_basis_change,2,0.013333333333333334
eps_diluted,quarterly,vendor_only_metric,5,0.03333333333333333
eps_street_vs_gaap,quarterly,match,260,0.24785510009532888
eps_street_vs_gaap,quarterly,no_gaap_quarter,237,0.2259294566253575
eps_street_vs_gaap,quarterly,split_basis,62,0.05910390848427073
eps_street_vs_gaap,quarterly,street_vs_gaap,472,0.449952335557674
eps_street_vs_gaap,quarterly,unrecorded_basis_change,18,0.017159199237368923
net_income,annual,match,120,1.0
net_income,quarterly,match,146,0.9733333333333334
net_income,quarterly,missing_in_sec,4,0.02666666666666667
operating_income,annual,match,48,0.42857142857142855
operating_income,annual,matches_adjacent_period,1,0.008928571428571428
operating_income,annual,missing_in_sec,7,0.0625
operating_income,annual,unexplained,32,0.2857142857142857
operating_income,annual,vendor_only_metric,24,0.21428571428571427
operating_income,quarterly,match,62,0.44285714285714284
operating_income,quarterly,missing_in_sec,16,0.11428571428571428
operating_income,quarterly,q4_not_filed,3,0.02142857142857143
operating_income,quarterly,unexplained,29,0.20714285714285716
operating_income,quarterly,vendor_only_metric,30,0.21428571428571427
revenue,annual,match,105,0.875
revenue,annual,unexplained,15,0.125
revenue,quarterly,match,127,0.8466666666666667
revenue,quarterly,matches_first_reported,1,0.006666666666666667
revenue,quarterly,missing_in_sec,4,0.02666666666666667
revenue,quarterly,q4_not_filed,1,0.006666666666666667
revenue,quarterly,unexplained,17,0.11333333333333333
