scorer,dataset,contaminated,n,accuracy,macro_f1,cohen_kappa,recall_negative,recall_neutral,recall_positive,texts_per_second,spearman_vs_gold_score,held_out_macro_f1,held_out_cohen_kappa
zeroshot_deberta,financial_phrasebank,False,2264,0.9779151943462897,0.971542521811628,0.958801112369966,0.9372937293729373,0.9942487419122933,0.9596491228070175,20.475466800204973,,0.6580829911335957,0.524260454280119
zeroshot_deberta,fiqa,False,351,0.6125356125356125,0.55879031816149,0.4347089821777489,0.7559055118110236,0.7,0.5147058823529411,26.092163722544647,0.7289960897331811,0.6580829911335957,0.524260454280119
zeroshot_deberta,twitter_financial_news,False,2388,0.7994137353433836,0.7573756641057013,0.613811926382489,0.7406340057636888,0.8339719029374202,0.728421052631579,21.88084705477836,,0.6580829911335957,0.524260454280119
roberta_large_fin,financial_phrasebank,False,2264,0.9191696113074205,0.9119465812508959,0.8577424591609417,0.9537953795379538,0.8835370237239396,0.987719298245614,28.79796140464506,,0.6489340117124944,0.5356994481791015
roberta_large_fin,fiqa,False,351,0.7749287749287749,0.6527144963396868,0.6109957633063046,0.8267716535433071,0.55,0.7647058823529411,40.27559715398179,0.6531871609260735,0.6489340117124944,0.5356994481791015
roberta_large_fin,twitter_financial_news,False,2388,0.6465661641541038,0.645153527085302,0.4604031330518984,0.9193083573487032,0.5057471264367817,0.911578947368421,34.461351171818,,0.6489340117124944,0.5356994481791015
distilroberta_fin,financial_phrasebank,True,2264,0.9973498233215548,0.9958818798661824,0.9951018730359625,0.9867986798679867,0.9985621854780733,1.0,174.2361900700676,,0.6157908552049267,0.46914490470016257
distilroberta_fin,fiqa,False,351,0.5783475783475783,0.52526681039994,0.38548530194593955,0.6614173228346457,0.65,0.5196078431372549,241.8183361537591,0.6491280467039359,0.6157908552049267,0.46914490470016257
distilroberta_fin,twitter_financial_news,False,2388,0.7495812395309883,0.7063149000099133,0.5528045074543856,0.7752161383285303,0.7484035759897829,0.7347368421052631,204.69071531850875,,0.6157908552049267,0.46914490470016257
finbert,financial_phrasebank,True,2264,0.9717314487632509,0.962503461452302,0.9485668606673643,0.9834983498349835,0.9669302659956865,0.9771929824561404,88.11208860591822,,0.5820802091044011,0.41644100858768063
finbert,fiqa,False,351,0.5242165242165242,0.49598718810872205,0.33458582602081943,0.6377952755905512,0.8,0.4264705882352941,116.88881115484214,0.6200896692696024,0.5820802091044011,0.41644100858768063
finbert,twitter_financial_news,False,2388,0.7252931323283082,0.6681732301000801,0.4982961911545418,0.760806916426513,0.756066411238825,0.5978947368421053,103.1266584193342,,0.5820802091044011,0.41644100858768063
finsense_modernbert,financial_phrasebank,True,2264,0.9969081272084805,0.9959964891464782,0.9942883091982441,0.9933993399339934,0.9978432782171099,0.9964912280701754,75.99009711701915,,0.5634552628777,0.3859223521485065
finsense_modernbert,fiqa,False,351,0.47863247863247865,0.4604861562413592,0.284016809158093,0.5590551181102362,0.8,0.39705882352941174,101.1312048785639,0.5619976907727188,0.5634552628777,0.3859223521485065
finsense_modernbert,twitter_financial_news,False,2388,0.7361809045226131,0.6664243695140407,0.48782789513892,0.6570605187319885,0.8071519795657727,0.56,90.25363795057947,,0.5634552628777,0.3859223521485065
finbert_tone,financial_phrasebank,False,2264,0.9169611307420494,0.8970731604515786,0.8414335475458694,0.9273927392739274,0.9856218547807333,0.743859649122807,91.92650511905394,,0.5362369237225758,0.35819483444320455
finbert_tone,fiqa,False,351,0.4045584045584046,0.41122544045142134,0.23529411764705888,0.4409448818897638,0.85,0.3382352941176471,112.75864918655661,0.6041401953742155,0.5362369237225758,0.35819483444320455
finbert_tone,twitter_financial_news,False,2388,0.748324958123953,0.6612484069937302,0.4810955512393502,0.5100864553314121,0.8569604086845466,0.5642105263157895,101.93035482731197,,0.5362369237225758,0.35819483444320455
twitter_roberta,financial_phrasebank,False,2264,0.7146643109540636,0.5749930725071062,0.3513734060896776,0.3432343234323432,0.97411933860532,0.2789473684210526,91.47195326713866,,0.5064480544869671,0.3067922271614914
twitter_roberta,fiqa,False,351,0.4017094017094017,0.4001302527299854,0.22492928570677484,0.3779527559055118,0.8,0.37745098039215685,126.60671345346289,0.686675055564492,0.5064480544869671,0.3067922271614914
twitter_roberta,twitter_financial_news,False,2388,0.7030988274706867,0.6127658562439487,0.38865516861620797,0.515850144092219,0.8167305236270753,0.4652631578947368,107.4189505897626,,0.5064480544869671,0.3067922271614914
vader,financial_phrasebank,False,2264,0.571113074204947,0.48714886272316676,0.28243370323451633,0.22442244224422442,0.5787203450754853,0.7368421052631579,21850.135728346362,,0.41050125529975434,0.15580051634328335
vader,fiqa,False,351,0.4074074074074074,0.37401029495636395,0.151986804966722,0.4094488188976378,0.5,0.39705882352941174,12470.35625666039,0.31680124032346496,0.41050125529975434,0.15580051634328335
vader,twitter_financial_news,False,2388,0.49413735343383586,0.4469922156431448,0.15961422771984468,0.484149855907781,0.5051085568326947,0.4652631578947368,25842.02331754121,,0.41050125529975434,0.15580051634328335
loughran_mcdonald,financial_phrasebank,False,2264,0.6029151943462897,0.4719380334994257,0.24366895634256336,0.25412541254125415,0.7699496764917325,0.38070175438596493,4939.911647889938,,0.38177113509481975,0.15319346646008475
loughran_mcdonald,fiqa,False,351,0.31339031339031337,0.3168231428541673,0.1443094570945911,0.5196850393700787,0.65,0.15196078431372548,4919.575108347563,0.3636185414397163,0.38177113509481975,0.15319346646008475
loughran_mcdonald,twitter_financial_news,False,2388,0.5879396984924623,0.44671912733547225,0.1620774758255784,0.4755043227665706,0.7394636015325671,0.1705263157894737,7826.850069956291,,0.38177113509481975,0.15319346646008475
