item_id,source,ticker,posted_at,text,vader_stored,vader_recomputed,mentions_company,sentiment3_vader,sentiment3_vader:positech,abnormal_return_next_day
c05fddf9e8fd,news,AAPL,2022-11-28 13:07:00,3 Stocks to Avoid This Week,0.0772,-0.296,False,negative,positive,-0.01030759895692146
2b3933e3486b,news,AAPL,2022-11-29 14:18:00,Should Tech Investors Be Worried About Apple?,0.0,-0.296,True,negative,neutral,-0.019430222917483086
f9fbf5dea646,news,AAPL,2022-12-03 13:13:45,What China’s zero-COVID troubles mean for global economic growth,0.0,-0.1027,False,negative,neutral,0.010005916225178879
91042b415c1e,news,AAPL,2022-11-28 14:33:26,Apple's Extreme Dependence on China Can No Longer Be Ignored,0.0772,-0.5423,True,negative,positive,-0.01030759895692146
1c9ca936c20d,news,AAPL,2022-11-17 10:15:00,2 Unstoppable Stocks Set to Crush the Market (Again) in 2023,0.4588,-0.34,False,negative,positive,0.01603110260599605
30ee9dae76c5,news,AAPL,2022-11-18 12:00:00,3 Must-Own Stocks for 2023 (and Beyond),0.0258,0.0,False,neutral,neutral,-0.0007585760673982644
7ef4f00b93b7,news,AAPL,2022-11-14 16:03:30,"Meta Platforms Stock: Buy, Sell, or Hold in 2023?",-0.7003,0.0,False,neutral,negative,-0.0009791067772439987
cc6c1791183d,news,AAPL,2022-11-21 10:06:00,89% of Warren Buffett's Portfolio Is Invested in These 12 Stocks,0.7579,0.0,False,neutral,positive,-0.018044132502168853
c71305f16b35,news,AAPL,2022-11-17 15:15:00,4 Charts That Show Why Apple Could Outperform the Markets in 2023,0.6369,0.0,True,neutral,positive,0.01603110260599605
fff959894619,news,AAPL,2022-11-25 14:18:41,These 2 Stocks Were on Big Shoppers' Lists on Black Friday,0.4215,0.0,False,neutral,positive,-0.01936986701196941
14a277b68e41,news,AAPL,2022-11-25 10:06:00,93% of Warren Buffett's Portfolio Is in These 4 Sectors,0.6249,0.0,False,neutral,positive,-0.01936986701196941
12231bc33835,news,AAPL,2022-11-16 20:00:00,3 Reasons to Buy Apple Stock in 2023 -- And Never Sell,0.5256,0.0,True,neutral,positive,-0.0007019861310462172
c6bd4af8a29c,news,AAPL,2022-11-28 16:53:02,Why Apple Stock Is Sinking Today,0.1531,0.0,True,neutral,positive,-0.01030759895692146
7a7ffb787cc6,news,AAPL,2022-12-09 10:06:00,59% of Warren Buffett's Portfolio Is Invested in Just 3 Stocks,-0.1027,0.0,False,neutral,negative,0.004035229908145088
563981bcf544,news,AAPL,2022-12-06 10:35:00,2 Dividend-Paying Tech Stocks to Buy in December,0.9201,0.0,False,neutral,positive,-0.010955085178848467
aeca0afdd390,news,AAPL,2022-11-22 10:50:00,3 Warren Buffett Stocks That Could Set You Up for Life,0.765,0.0,False,neutral,positive,0.0012041778785811807
cce13a025153,news,AAPL,2022-11-25 10:25:00,2 Warren Buffett Stocks That Everyone Should Own,0.4215,0.0,False,neutral,positive,-0.01936986701196941
f34ef28107f8,news,AAPL,2022-11-25 17:27:41,Why Manchester United Stock Was Rocketing Higher Again Today,0.7506,0.4215,False,positive,positive,-0.01936986701196941
150bf48e0bfd,news,AAPL,2022-12-02 22:00:00,Want to Get Richer? 3 Best Stocks to Buy Now and Hold Forever,0.5859,0.836,False,positive,positive,0.010005916225178879
fc284562782e,news,AAPL,2022-11-21 10:52:00,The Safest and Riskiest FAANG Stocks to Buy Right Now,0.34,0.0516,False,positive,positive,-0.018044132502168853
960069aea783,news,AAPL,2022-12-06 10:20:00,Top Warren Buffett Stocks to Buy With $300 Right Now,0.6901,0.2023,False,positive,positive,-0.010955085178848467
72364d2ec615,news,AAPL,2022-12-02 21:15:14,Warren Buffett And David Rolfe Agree On These 6 Stocks,0.0,0.3612,False,positive,neutral,0.010005916225178879
6ad44777f22f,news,AAPL,2022-11-21 16:44:04,JP Morgan lowers AAPL target to $151 as iPhone 14 Pro lead times increase,-0.4215,0.516,True,positive,negative,-0.018044132502168853
a7fa88896c7e,news,AAPL,2022-12-02 10:08:00,Warren Buffett Loves These Stocks. Are They Right for You?,-0.25,0.5719,False,positive,negative,-0.0022175265284006818
6ca792990bbe,news,AAPL,2022-11-29 13:00:33,Stock market news live updates: Stock futures rebound as China COVID concerns ease,-0.5574,0.3612,False,positive,negative,-0.019430222917483086
a11379ee67a5,news,AAPL,2022-11-18 15:03:18,Should You Buy Netflix Hand Over Fist for 2023?,-0.296,0.4939,False,positive,negative,-0.0007585760673982644
91f645a8b7b9,news,GOOGL,2022-12-07 16:28:14,Attacks On TikTok Bring Surprising Upside For Snap,0.0,-0.2023,False,negative,neutral,-0.019334295099169063
b2a818618e7a,news,GOOGL,2022-11-17 14:13:00,Chinese consumers are wary. Alibaba's sales miss forecasts - CNN,-0.4779,-0.1531,False,negative,negative,-0.0018968317291121473
da47d7d32828,news,GOOGL,2022-12-08 17:06:06,"Jim Cramer's top 10 things to watch in the market Thursday: War cloud, Salesforce downgrade, GameStop quarter",0.0,-0.4767,False,negative,neutral,-0.02078925580332136
1456753ef320,news,GOOGL,2022-12-09 16:47:00,2 Cheap Tech Stocks to Buy Right Now,-0.7097,0.0,False,neutral,negative,-0.0019205069581251788
1ba8246b1dff,news,GOOGL,2022-11-30 04:13:16,Here's How Long The Bear Market Could Last,0.3818,0.0,False,neutral,positive,0.029430173004575177
fb591fe5acd5,news,GOOGL,2022-12-09 21:15:52,Nvidia: Prepare To Be Underwhelmed,0.7003,0.0,False,neutral,positive,-0.00924661813337857
4b9b973bdb93,news,GOOGL,2022-11-17 17:17:58,"Why Netflix, Alphabet, and UPS Stocks Slipped on Thursday",0.6124,0.0,True,neutral,positive,-0.0018968317291121473
2f36a4f45eaa,news,GOOGL,2022-11-17 18:20:45,Mulling Over Momentive Global,-0.1027,0.0,False,neutral,negative,-0.0018968317291121473
85f7e3e601a8,news,GOOGL,2022-11-30 11:23:00,2 Robinhood Stocks With Market-Beating Potential,-0.4497,0.0,False,neutral,negative,0.029430173004575177
d869c7953ccb,news,GOOGL,2022-11-21 12:13:27,LendingTree Is A Potential Value Trap,-0.4215,0.0258,False,neutral,negative,-0.015146799241538833
bef1433726f2,news,GOOGL,2022-11-26 13:53:00,2 Stocks Under $100 You Can Buy and Hold Forever,-0.128,0.0,False,neutral,negative,0.0014893390100526593
a2a5b6a7ca76,news,GOOGL,2022-11-25 18:03:00,MSFT Stock: Microsoft Facing Antitrust Reviews - Investor's Business Daily,0.0,0.0,False,neutral,neutral,-0.009932723898434359
f803a3a7da7d,news,GOOGL,2022-12-03 10:57:00,12 Top Stocks to Buy in December,0.296,0.2023,False,positive,positive,0.008431292925395462
667110cbc587,news,GOOGL,2022-12-08 16:25:02,Why Alphabet Will Benefit From Stunning Rise Of Malevolent AIs,-0.6486,0.6808,True,positive,negative,-0.02078925580332136
4099384b360d,news,GOOGL,2022-11-25 12:00:00,Is Alphabet the Top Tech Stock to Buy In 2023?,-0.5096,0.2023,True,positive,negative,-0.009932723898434359
61e899d9cad5,news,GOOGL,2022-11-15 14:15:00,Alphabet's Stock Has Reached a Once-in-a-Decade Buying Opportunity,0.7579,0.4939,True,positive,positive,0.020102051612829186
227d442745b4,news,GOOGL,2022-12-01 10:55:00,2 Bargain Stocks That You Can Buy Today and Hold Forever,0.3853,0.2023,False,positive,positive,0.0007357509358512093
4af97cdffc6d,news,GOOGL,2022-11-28 20:15:43,Datadog: Strong Growth And Outstanding Execution,0.7351,0.872,False,positive,positive,0.0014893390100526593
d9b9ed0cae4f,news,GOOGL,2022-11-12 10:53:00,3 Stocks You'll Be Glad You Bought at These Prices,0.6249,0.4588,False,positive,positive,0.0011422297020962091
f423ad8698be,news,GOOGL,2022-12-11 13:54:00,"The Best Stocks to Invest $50,000 in Right Now",0.2263,0.6369,False,positive,positive,-0.00924661813337857
a43cd10d37e9,news,GOOGL,2022-11-15 21:28:22,VUG: Now Could Be The Best Time To Buy,0.8807,0.6369,False,positive,positive,0.011793797684128027
692a6b6b2996,news,GOOGL,2022-12-07 11:11:00,3 Best Metaverse Stocks to Buy in 2022 and Beyond,-0.9042,0.6369,False,positive,negative,-0.019334295099169063
224102bfdd17,news,GOOGL,2022-12-01 14:10:00,Better Buy: Walt Disney vs. Netflix,-0.296,0.4404,False,positive,negative,0.0007357509358512093
6932724e1b45,news,GOOGL,2022-11-22 10:10:00,2023 Is Coming: 2 Trillion-Dollar Growth Stocks to Buy Before the New Year,0.0,0.3818,False,positive,neutral,0.0017104808631740465
024c767eaaf7,news,IBM,2022-11-20 10:24:00,What Warren Buffett Wants From Tech Stocks - The Motley Fool,0.6369,-0.4404,False,negative,positive,-0.0028666247590574123
66c1e50cf182,news,IBM,2022-11-28 19:48:55,"Apple's App store has become an ad-infested imitation of its former self, which is not good for iPhone users or developers",-0.0772,-0.3412,False,negative,negative,0.0011963767585734253
012fde84c579,news,IBM,2022-11-21 21:25:55,Unisys Lowers Guidance As Corporate Transition Continues,-0.296,-0.128,False,negative,negative,0.003041778641326376
b8f95ea59652,news,IBM,2022-12-12 16:54:37,"SPYD, SPHD: Dividend Gives S&P 500 Wings",0.5719,0.0,False,neutral,positive,0.00027108111522489153
1bfc9e138453,news,IBM,2022-11-29 09:15:07,"Marketing To Gen Z: How To Do It The Right Way via @sejournal, @macuraa",0.0516,0.0,False,neutral,positive,0.0038386003111016143
d3c528d89f60,news,IBM,2022-11-24 12:52:17,"AI: The Next Candidate For A Market Boom, Bubble, Bust",0.3612,0.0,False,neutral,positive,-0.002330751645606255
939f71fb8bba,news,IBM,2022-11-28 17:00:00,Myth-Busting Silicon Valley,0.4201,0.0,False,neutral,positive,0.0011963767585734253
50c892d202a2,news,IBM,2022-11-17 19:46:33,Don't Follow Buffett Blindly Into Taiwan Semiconductor - But Buy It Still,-0.2263,0.0,False,neutral,negative,0.013923446819781748
306761bc9cfe,news,IBM,2022-11-16 07:11:07,AWS Launches Infrastructure Region in Spain,0.0,0.0,False,neutral,neutral,0.008875977186346473
5a25b9f6fc02,news,IBM,2022-11-21 21:30:10,IBM manager sues for $5m claiming postnatal demotion,-0.34,0.0,True,neutral,negative,0.003041778641326376
0d8bf4020ef6,news,IBM,2022-12-06 12:21:48,Radar Trends to Watch: December 2022,-0.1511,0.0,False,neutral,negative,0.015025379886609125
a45777275c8c,news,IBM,2022-11-16 11:20:00,3 Reasons to Buy IBM Stock,0.4767,0.0,True,neutral,positive,0.008875977186346473
952dddc0a22b,news,IBM,2022-11-22 05:04:02,US tech sector is way deeper than FAANG stocks: Jonathan Curtis of Franklin Technology Fund,-0.3182,0.0,False,neutral,negative,0.003041778641326376
9984609fd3bb,news,IBM,2022-11-15 04:03:16,What did Buffett see in TSMC?,0.0,0.0,False,neutral,neutral,-0.0075583889567973905
201aaad4a09a,news,IBM,2022-12-13 10:53:19,Apple Stock: How It Stacks Up Against Big Tech In 2022 - TheStreet,0.6597,0.0,False,neutral,positive,0.0015453006221086696
4ce1f4b5c497,news,IBM,2022-12-12 16:55:42,"Microsoft Buys The London Stock Exchange (Well, 4% Of It)",0.2023,0.2732,False,positive,positive,0.00027108111522489153
0f54c7026601,news,IBM,2022-11-25 12:00:00,"Cedar Valley Business Hall of Fame inducts three new laureates, presents entrepreneur award - WCF Courier",0.4404,0.7506,False,positive,positive,-0.002330751645606255
fb5a77a8105a,news,IBM,2022-12-08 14:08:37,Special [Radiance] Report: An e.l.f.ing Glow Storm is On the Way,0.6808,0.6249,False,positive,positive,-0.004370779011342529
0598922de490,news,IBM,2022-11-15 12:00:00,Data Storage Corporation Reports 14% Increase in Revenue for the Third Quarter of 2022,0.1779,0.3182,False,positive,positive,-0.0075583889567973905
6a0971ece9e6,news,IBM,2022-12-09 16:00:00,Want to know the fastest growing jobs and careers for 2023?,0.34,0.25,False,positive,positive,0.0025305632976362347
ebbab7feefbb,news,IBM,2022-11-29 06:51:16,3 Changes Berkshire Hathaway Investors Could Be Better Off With,0.0,0.4404,False,positive,neutral,0.0038386003111016143
d1cc023593f0,news,IBM,2022-11-21 14:30:50,27 Best Small Business Ideas for Designers,0.7845,0.6369,False,positive,positive,-0.0028666247590574123
9a383e0ecf4b,news,IBM,2022-11-22 04:31:31,SDOG: Dividend ETF Not To Be Confused With 'Dogs Of The Dow',0.0,0.2411,False,positive,neutral,0.003041778641326376
254d358c84a4,news,IBM,2022-11-19 11:00:00,Amazon is doing some 'difficult' soul searching as it plans to slash jobs — but here's why the economy is going to 'very easily absorb' the layoffs in the big tech sector,0.3797,0.3797,False,positive,positive,-0.0028666247590574123
5b1324dc9da3,news,IBM,2022-11-28 20:06:00,"“Recoding Power: Tactics for Mobilizing Tech Workers” author, Williams professor explores novel labor responses to tumultuous sector - WAMC",0.1868,0.3182,False,positive,positive,0.0011963767585734253
ffc6d0f4a73f,news,META,2022-11-28 11:46:00,Wall St futures slip on China COVID woes; Apple falls - Reuters,0.1779,-0.4404,False,negative,positive,-0.007649698214916678
96b2404a4593,news,META,2022-11-14 17:50:00,'Big Short' fund manager Burry buys another prison stock - Reuters,-0.3818,-0.5106,False,negative,negative,0.019124258656343596
33ee72d067ed,news,META,2022-11-30 11:54:59,"The S&P 500 could drop 24% within months as earnings gloom reaches a crescendo, Morgan Stanley's top stock picker warns",-0.3612,-0.6249,False,negative,negative,0.04743244551081571
ba291bb309a0,news,META,2022-11-18 04:49:55,"The grotesque inequality embodied by Musk, Bezos and Zuckerberg is a threat to democracy | Jeff Sparrow",0.8811,-0.5267,True,negative,positive,0.0008431240950015351
b10e612ae72f,news,META,2022-11-16 11:28:07,Jim Simons' RenTech fund virtually eliminated its $500 million Tesla stake last quarter - and slashed its Twitter bet by 90%,0.3612,-0.2263,False,negative,positive,-0.025254397377977633
fa8246699710,news,META,2022-11-14 11:30:36,Mark Cuban says investors aren't facing another dot-com crash - and shrugs off Elon Musk's rocky start at Twitter,-0.6801,-0.4019,False,negative,negative,0.019124258656343596
9dc3bf110d97,news,META,2022-11-14 17:05:00,"'I Am Fully Aware This Will Be A Difficult Process': Disney to Freeze Hiring, Possibly Conduct Layoffs, Per Internal Memo",0.0,-0.3182,False,negative,neutral,0.019124258656343596
b8ee0a5fdf31,news,META,2022-11-15 14:41:25,Phil Spencer really wants you to know that native Call of Duty will stay on PlayStation,0.3612,0.0,False,neutral,positive,0.016510190424923854
605dc3255e17,news,META,2022-12-08 19:32:00,Tax-loss selling in battered U.S. stocks could spur January snap-back - Reuters,0.1027,0.0,False,neutral,positive,0.004454484206358966
0d67671c86f1,news,META,2022-11-28 14:00:12,What Is Facebook Marketplace?,0.5106,0.0,True,neutral,positive,-0.007649698214916678
dd09b663ce20,news,META,2022-11-23 19:33:47,The Twitter era under Tesla CEO Elon Musk: A timeline,-0.6486,0.0,False,neutral,negative,0.0008770997744533826
5f2301f89464,news,META,2022-11-28 08:20:53,"Meta Quest 2 : la version 256 Go en rupture, les 128 Go encore à prix mini",0.0,0.0,True,neutral,neutral,-0.007649698214916678
90730c1b2a12,news,META,2022-11-27 19:18:35,"Cyber Monday Deals live now: Telescopes, VR headsets, Lego and more",0.765,0.0,False,neutral,positive,-0.007649698214916678
691a5fb63736,news,META,2022-12-06 17:19:06,What in the Ethereum application ecosystem excites me,0.8271,0.4767,False,positive,positive,-0.053460914040804663
850ee74f4255,news,META,2022-11-25 05:55:54,"Avec ce Meta Quest 2 sur Amazon, la réalité virtuelle est à un prix dingue",0.4588,0.1779,True,positive,positive,-0.007170962184831042
2fe30d208d30,news,META,2022-12-06 21:58:00,'Your Data Is Worth Way More Than This': Amazon Will Pay You $2 A Month To Track Your Ad Data,0.6124,0.4028,False,positive,positive,3.633775871891842e-05
c638e839a45b,news,META,2022-12-06 11:08:00,Morning Bid: Five Alive - Reuters.com,0.2263,0.3818,False,positive,positive,-0.053460914040804663
d482daf06c75,news,META,2022-11-22 05:35:00,Black Friday : Amazon panique et sort 7 offres de FOU ce mardi matin ⚡️,-0.1027,0.1779,False,positive,negative,0.0009250356092245227
4c7bd3d357d6,news,META,2022-11-26 15:57:49,"Black Friday TOP 100 : les meilleures offres du week-end sur Amazon, Cdiscount & Co",0.0,0.4995,False,positive,neutral,-0.007649698214916678
c2afb8ab0bc2,news,META,2022-11-25 12:16:00,"Black Friday : Amazon est fou, il offre -50% sur cette liste ",0.5994,0.1779,False,positive,positive,-0.007170962184831042
2f5c9ab8cb9e,news,META,2022-11-15 20:21:32,"Why corporate leaders like Mark Zuckerberg, Jack Dorsey, and Evan Spiegel are all apologizing for the massive layoffs at their companies",-0.7096,0.296,True,positive,negative,0.016510190424923854
5669465df883,news,META,2022-11-29 16:31:00,Yahoo eyes retail stock trading in growth push - Axios - Reuters,0.4019,0.3818,False,positive,positive,0.007968764036482834
d7f3cb124025,news,META,2022-11-22 20:42:00,This is what Meta might look like if Zuckerberg stepped down in 2023,-0.5106,0.3612,True,positive,negative,0.0009250356092245227
e8cbcdad4e3f,news,META,2022-11-17 20:40:00,"Amazon Reportedly Offered Voluntary Buyouts to Employees Amid Layoffs. Here's Why That Tactic Can Be Helpful, According to One HR Expert.",0.0516,0.5423,False,positive,positive,-0.012660278443013762
66eabcdd28dc,news,META,2022-12-07 06:00:00,Could Pinduoduo Be the Best Chinese Stock to Own?,0.0,0.6369,False,positive,neutral,3.633775871891842e-05
6baa5e9e4b9c,reddit,AAPL,2022-07-21 03:39:42,"So what kind of coked out adderall overdose made me go bold with this prediction of imminent doom when the market has been doing uppies all week? It's pretty simple. Next Wednesday is FOMC where we're either going to get a .75bp rate hike, in which case the market does its usual rocket ship after the meeting, or we get a surprise 1.00bp hike and things probably tank after the meeting. Then on Thursday we have the Q2 GDP numbers come out confirming we're officially in a recession. (a fact I called last October btw, it just took a couple months for the data to catch up) The real action though is in the Thursday after hours Earnings Reports. Specifically, the ERs for two of the biggest companies on the planet, both of which I expect to fail spectacularly.

Apple and Amazon.

Just in general I think both of these stocks are wildly overvalued (I have a fair price target of $20-25 on AMZN and $50 on AAPL) Amazon has a PE of 60, which is so absurd on multiple levels that I'm not even going to bother explaining why it's dumb. Apple has a PE of 25, which, again, is too high.

I think both companies are going to get absolutely annihilated on ER, and when they do, they'll drag the entire market down with them. Now, why I am I so sure both companies will have bad ERs?

For Amazon, it's really easy, their current post Bezos leadership is actually a bunch of ferrets piled on top of each other in trenchcoats, they wildly overexpanded during the pandemic, and as people go outside again, they're not loading up on orders. Also, Prime Day was a bust, and AWS continues to no longer enjoy exclusive rights to the cloud services space as Microsoft, Google, IBM, and more expand into it.

&#x200B;

[Current Amazon C-Suite](https://preview.redd.it/pnhvt5avduc91.jpg?width=202&format=pjpg&auto=webp&v=enabled&s=ed1abcd6e8d34944346696c3a78e6f86d431368d)

For Apple, they're basically in the same situation as Amazon was last ER, where they had a complete dumpster fire of an ER previously, but papered over it with nonsense - in Apple's case that was refusing to provide guidance for their #1 market and home of 100% of their assemblies - China. If you haven't noticed, China ~~is currently approaching~~ [has reached](https://www.youtube.com/watch?v=SlpC5OC0q_A) the ""tanks in the streets"" level of civil unrest and banking collapse due to the ponzi scheme real estate and infrastructure plan they've been running finally collapsing. (if you need a primer on why and how that's collapsing, see the DD ""One Company, Two Debts"" pinned to my profile from 10 months ago - I been like Burry level ahead of all this shit)

So, to recap, on 7/27, you're going to have a FED rate hike, then on 7/28 you're going to see headlines screaming about how we're officially in recession all day, then that night you'll see two of the biggest pillars of the market report dumpster fire earnings. Given all that, what do you think boomers and algos and momos are going to do Friday morning?

So I just scrapped my 21 year old pickup after the motor blew. I'm gonna spend $200 on this lotto play. I've put in $100 so far, I'll throw in the other Benji sometime between Friday and Tuesday.

**3 D0G 8/19 41c**

**1 AMZN 7/29 101p**

**1 AAPL 7/29 133p**

**2 SPY 8/19 315p**

Normally this would be flared as a yoyololo, but I'm not putting nearly as much $$ on this as required by sub rules, so I guess meme since I'm not including enough info for a real DD post? But if you need evidence of conviction, my house has a 30-year fixed 2% mortgage, and I'm currently selling it to go live in my buddies basement to try and front-run the real estate collapse - I'm probably too late, but we'll see!

**TLDR: Black Friday next week (maybe, but maybe not, I'm only putting $200 on this)**

As far as an update on my food shortage play, I'm now up to 20 1/23 calls on W3AT and 5 11/18 calls on S0YB, I just keep buying that sweet dip. Once I get enough S0YB calls I'll be adding some C0RN as well.

Finally, more than 95% of my total port is now long GME.",-0.9834,-0.9834,True,negative,negative,0.004911194446690859
100eeb5b0b1f,reddit,AAPL,2022-11-18 19:57:22,"With the market being a bit shaky lately and many once trumpeted stocks (*cough* tech) taking big hits, what are some stocks you’re holding long term regardless of the current environment?

My top 5 would be:
1. AAPL
2. JPM
3. JNJ
4. GOOG
5. COST",-0.0258,-0.0258,True,neutral,neutral,-0.0007585760673982644
71b0428a7b77,reddit,AAPL,2022-10-28 18:30:59,"Whenever there's a large upside or downside move in the markets, everyone's thoughts are, ""Why did the markets go up/down today?""

And there are a myriad of reasons why. But at the end of the day, the simplest and truest answer is, ""Because there were more buyers than sellers"" (or vice versa).

Apple's earnings yesterday was definitely a sigh of relief for investors, cinching a much needed win in this week of big-tech earnings misses.

However, does it deserve a ~8% upside move in a single day? I don't know, but that's a $200 billion move in market cap, larger than any company outside of the top 50 largest companies globally. Don't quote me on this, but I think this is probably the biggest percentage day gain for $AAPL in more than 10 years. Interesting.

Some folks think the move was exacerbated by today being EOY for mutual funds, so maybe there's a large one-sided buying skew from big fund positioning. Other folks think that it's just another day of a gamma-squeeze with 0 DTE calls being hammered all day long. Maybe the earnings was really THAT good in the grand scheme of big tech earnings misses this quarter. At the end of the day, trying to find rhyme or reason for moves on a single day basis will drive you mad. Trying to find rhyme or reason for moves on a weekly basis will also drive you mad.

With all that being said, what's peculiar about this situation is that $AAPL now is the most expensive it's ever been relative to the NASDAQ 100. While trying to find reasons for moves in markets is impossible, what is understandable is the ebb and flow of markets during a bear market. Similarly to the dot-com bubble, you had the trashiest stocks implode many months before the rest of the market tanked. Before full capitulation happened, there was a flight to safety in big-cap tech stocks as well. In bear markets like these, it's human nature to preserve what you have and ""fly"" to safety. Apple is the safety net everyone is flocking to, and I believe it will be painful.

Full disclaimer, I've been bearish all year, but bullish over the past couple weeks. Earlier this week I actually thought THE bottom might be in for markets, and the worst had probably come. But today's move in $AAPL has changed my view and I now believe there is still one last shoe to drop soon in the markets.

There is currently a bubble in ""safe"" value large-cap stocks, and I believe this cohort will drive the overall market lower over the next few months. Apple is the ring-leader, but there are several others that at interesting valuations. (I personally think buying beaten-down growth tech is much more attractive than these). Altria ($MO) 47 P/E, Clorox ($CLX) 38 P/E, Kraft Heinz ($KHC) 38 P/E, Colgate-Palmolive ($CL) 32 P/E, Hershey ($HSY) 30 P/E, PepsiCo ($PEP) 26 P/E. These are brands we all know, and they are trading at eye-watering levels, driven by a ""flight to safety"" by big funds who have no choice during this year's turmoil.

I think the moves in these ""value"" stocks can be attributed to a single philosophy that I've heard from folks who were fund managers in a different generation. ""You won't be fired for buying IBM"". Underperforming the benchmark because you invested in risky stocks like $CVNA and $W? Fired. Underperforming the benchmark because you invested in quality stocks like $CLX and $PEP? You'll still have your job.",0.9942,0.9942,True,positive,positive,0.051761721296245566
02aaf1932e65,reddit,AAPL,2022-04-29 21:36:59,"Look up Cisco.   It was the AAPL of the 90s.

Also, look up charts of BIG TECH like Intel Dell Lucent Yahoo.

They NEVER got past the dotcom highs.

Also, MSFT took 15 years to regain its peak from 2000 in 2016.

&#x200B;

EDIT:  These were blue chip tech stocks not PETS or TGLO.   dot com bubble pulled profitable tech stocks down with it.  But, they did have inflated PE/s compared to today.   So, next step for you, look up what ""value trap"" is.

 RemindMe! 1 year ",0.484,0.484,True,positive,positive,-0.004052502101954625
a81499f17c35,reddit,GOOGL,2022-07-21 15:44:17,"[https://www.reuters.com/markets/deals/amazon-buy-one-medical-35-billion-deal-2022-07-21/](https://www.reuters.com/markets/deals/amazon-buy-one-medical-35-billion-deal-2022-07-21/)

 July 21 (Reuters) - Amazon.com Inc [**(AMZN.O)**](https://www.reuters.com/companies/AMZN.O) on Thursday agreed to buy primary care provider One Medical [**(ONEM.O)**](https://www.reuters.com/companies/ONEM.O) for $3.49 billion, expanding the e-commerce giant's virtual care presence and adding some brick-and-mortar doctors' offices to its healthcare arsenal.

The all-cash deal heralds a dramatic expansion of Amazon's healthcare ambitions, having piloted virtual care visits for Amazon employees in Seattle in 2019 before offering such services to other employers and in other cities under the Amazon Care brand.

 It also bought online pharmacy Pill Pack in 2018 and has partnered with Teladoc Health [**(TDOC.N)**](https://www.reuters.com/companies/TDOC.N) to help connect with doctors virtually through Alexa.

""We think healthcare is high on the list of experiences that need reinvention,"" said Neil Lindsay, senior vice president of Amazon Health Services.

In One Medical, Amazon will acquire a company with customers such as Airbnb Inc [**(ABNB.O)**](https://www.reuters.com/companies/ABNB.O) and Alphabet Inc's [**(GOOGL.O)**](https://www.reuters.com/companies/GOOGL.O) Google.",0.9657,0.9657,True,positive,positive,-0.0063201965865826715
f89f99753407,reddit,IBM,2022-10-19 23:49:06,"So a lot of people asked me to recount this, God knows why, but I'm happy to do it if I can get it done before the Astros game.

In 1987 I was at UT, having just finished my freshman year. I was interested in the markets, so I applied for an internship with Dean Witter.

They didn't take anyone who wasn't going into their junior year, but the broker who was looking (Ken) really dug my interview and recommended me to the manager for a second interview, because he wanted to go against the custom to get me.

That interview is a whole other story but when he asked ""why shouldn't I give you this position"", my answer was ""because if you do, one day I'll take your job"". He was aggressive, loved that, and let Ken hire me.

I went in after class three days a week and made cold calls and stuff. It wasn't selling, that wasn't legal because I had no license. I was gathering information and trying to get people to talk to Ken. 

I was good at it and into it. My parents bought me some ties and nice shirts and slacks and so forth, and I dug in hard. I was putting up big numbers.

Ken was a giant broker with his own little suite in the office on one end. Had his own reception area, conference room, and giant office. He was also as cool a 40 year old dude as my 18 year old ass had ever met. 

Anyway, one day I get out of class and head to the office as per usual.

I walk in and there are women running everywhere, literally like the building was on fire. I thought there was a plumbing leak, fire, or fight or something. Back then we didn't think about active shooters.

As I walk past the empty reception desk I see the first glass-walled office and this older dude, probably my current age (55) literally sitting at his desk crying like a fat kid who dropped his ice cream. I mean sobbing audibly through the window.

I turn right to head to Ken's office suite and I see the same. Guys screaming into their headsets (we had wires attached to our phones back then), some crying, and the assistants running around. 

I found out the pneumatic tubes we used to send orders (they were handwritten on tickets back then) were overloaded and broken. They were running orders to the cage for processing.

I get to Ken's office and walk in and he's on he phone and he literally waves his hand at me and screams ""GET THE FUCK OUT!!!!!""

I'm in complete shock.

I go to leave and his assistant runs past me back to his office and I keep going to the door.

She runs back and grabs me and says ""wait... he needs you to call all these people and tell them to relax and answer the phone because Ken's gonna call them soon.""

She hands me his ""B book"", which is the way he kept his clients. They were on paper with ticket copies behind each person's page. They were arranged usually by size of account and activity. He was calling the ""A book"" and I was letting the B people know he was going to get with them.

So the actual Dean Witter computer system got overwhelmed and pseudo-crashed.

When we were placing orders they were coming back all fucked up in batches. So 10 people would sell IBM, and the trades were so fast and furious and everyone was selling that you couldn't match a sale to a ticket.

At the end of the day the floor sent us massive notices that said shit like ""your branch sold 10,000 shares of IBM at $100 (no idea if that was the price - just an example), 8,000 at $90, 15,000 at 87 5/8 (that's the way the prices used to be, in 1/8s), and 23,000 at 84."" 

We all met in the conference room (I was there to find Ken's client pages when he asked for them) and literally, I shit you not, argued over who would get what price for which client.

The manager would say ""we've got 27,000 shares of Dell at 4 and 5/8 gone, 18,000 at 3 7/8, and 50 thousand at 2 7/8. Make your pitch.""

Ken would say ""I need 10,000 of those at 4 5/8. My guy has 2.4 million with us, he's been my client for 5 years, and he fucking deserves it.""

Then other guys would ask for shares and the manager would ask who they were for and why they should get them.

We were there all night. These guys cussed each other, cussed the manager, threw shit, stormed out and came back... it was a fucking war.

Basically the bigtime brokers got the best prices, and they gave their best prices to their best customers.

The thing is, that practice is illegal. It's called allocating trades. It what made Hillary Clinton a PILE of money in futures. She always got the lowest buy price and the highest sale. Not in that crash, way later. Long story but check it out.

Anyway, that was all kinds of fuckery. Guys quit over it. If the manager didn't like you, your customers got raped.

So we were there fighting for pricing til like 9 or 10, and calling clients to deliver the bad news until almost 1 a.m.

So that sucked, but the weirdest was yet to come.

Ken asked me to skip class the next day to help him call everyone he couldn't get ahold of, help the assistant field incoming calls, and work the paperwork for his books. I did it. Screw it. This was gonna be my career.
 
I get there at like 7:30 and there are two effing armed guards at the double doors, which were closed and locked. 

I ask if we're closed (I just assumed the whole firm had gone under  -  I was still in a half daze), and got ready to leave. Security guy asks my name. I say ""Bob Wheeler. I work for Ken.""

Dude knocks on the door and says ""Bob Wheeler. Kid who works for Ken.""

The door opens and another armed guy lets me in. He takes my backpack and empties it on the reception desk. Says ""okay, take your stuff.""

I get back to Ken's suite and find out from his assistant that we're all getting free breakfast. It was massive and badass. Like everything you could ever want. Bacon, eggs, biscuits, juices, fruits. I mean a major spread. 

So I ask her if it was bonus for some kind of great job and she shocks me to death.

She says ""no, and we're getting lunch too. We're locked in. We aren't leaving til the market closes and no clients are allowed in. There've been several death threats to basically everyone. When you leave you'll have an armed guard.""

I about shit my pants. It wasn't the same for a LONG TIME. The guys didn't go out for drinks together anymore, people didn't walk into each other's offices, nothing. For six weeks it was like working in a fucking cemetery.

To Ken's credit he had people buying with both hands and I'm sure everyone who listened ended up rich, but it was a goddamned bloodbath and lots of brokers never recovered.

So that's the story. When the market goes down 5% I'm not fazed.",-0.9833,-0.9833,True,negative,negative,0.05564710114553795
5465c7dc06fd,reddit,IBM,2022-10-02 21:04:52,"Hey Reddit investing geniuses, since previous Reddit favorites NVDA and AMD have lost almost half their values, I’ve been wondering what could go wrong with current favorites such as GOOG. This tweet caught my eye, via @ OutsizedGains:

[$GOOG](https://twitter.com/search?q=%24GOOG&src=cashtag_click) smells of Ballmer-era [$MSFT](https://twitter.com/search?q=%24MSFT&src=cashtag_click). Founders departed long ago to sip mojitos, suits swooped in to siphon the cash cow. Too many pampered employees earning 6-7 digits to squeeze out a few %. Ad blocker risk.  Where’s the next GMail, YouTube, Android? Those happened 15 yrs ago.

There comes a time in the life of every tech company when no-one gives a shit about the tech. The culture transitions to financial engineering, Fat Fire, paying off McMansion mortgages.  HP, IBM, MS.  Be careful the day the founders leave the building.

\###

Thoughts?",-0.7205,-0.7205,True,negative,negative,-0.003675897539672013
d9f52cc7d0ba,reddit,IBM,2022-11-06 16:34:57,"Hello, should I hold both of these or is there too much overlap (about 20%) where I can do with one only (SCHD)?

Current holdings:
SCHD - 50%
VYM - 14%
STAG - 10%
BAC - 8%
IBM - 7.5%
KHC - 7%
AMCR - 3.5%

I am 40yo and I do have another account that is invested in the Vanguard target retirement fund. I am going for a combination of growth/dividends in the above personal portfolio.",0.0,0.0,True,neutral,neutral,0.0005102994159593699
90868eea6a5c,reddit,IBM,2020-01-30 22:16:46,"The IBM (NYSE: IBM) Board of Directors has elected Arvind Krishna as Chief Executive Officer of the company and a member of the Board of Directors, effective April 6, 2020.  Krishna is currently IBM Senior Vice President for Cloud and Cognitive Software, and was a principal architect of the company's acquisition of Red Hat.  James Whitehurst, IBM Senior Vice President and CEO of Red Hat, was also elected by the Board as IBM President, effective April 6, 2020.  Virginia Rometty, IBM Chairman, President and Chief Executive Officer, will continue as Executive Chairman of the Board and serve through the end of the year, when she will retire after almost 40 years with the company.

https://www.prnewswire.com/news-releases/arvind-krishna-elected-ibm-chief-executive-officer-300996553.html",0.7351,0.7351,True,positive,positive,0.06904645329190517
c93b261967e2,reddit,IBM,2022-01-25 12:05:15,"Just like in early 2009 l, Citibanks early guidance was the event that marked the start of the massive bull market of 11 years, IBM, being both a value and tech play, might mark the end of this big dip.",0.743,0.743,True,positive,positive,0.06872202956942852
48a3cac1aad3,reddit,IBM,2022-10-21 12:05:59," 

My word-find function has been going into overdrive this earnings season, looking for a few key phrases in earnings-call transcripts: “Foreign exchange.” “Currencies.” “Dollar.”

Netflix ([NFLX](https://finance.yahoo.com/quote/NFLX/)) Chief Financial Officer Spencer Neumann summed it up succinctly in his company’s conference call: “The FX drag is significant.”

The rise of the U.S. dollar, spurred by the Federal Reserve’s interest-rate increases, among other factors, is triggering quite the knock-on effect to corporate profits. While investors might want to strip out currency impacts to get a better idea of fundamental demand, they should also prepare for these hits to last a while.

In a report this week titled, “King Dollar Has More Room to Gain,” Wells Fargo strategist Erik Nelson cited multiple drivers for continued dollar strength, including the currency’s traditional resilience at times of market stress.

 

 

“The dollar index can continue to rally here,” [Chris Vecchio, senior strategist at DailyFX](https://news.yahoo.com/u-dollar-become-bit-wrecking-135949290.html), told Yahoo Finance Live earlier this week. “To use an old axiom, the dollar remains the nicest house in a bad neighborhood.”

That is, while the U.S. economy may be slowing and even entering a recession, many other global economies are faring worse. In currencies, it’s all relative.

That dollar strength is costing companies. Citi strategists estimate that a 10% bump in the dollar index will cut $15 to $20 from S&P 500 earnings per share. The [dollar index](https://finance.yahoo.com/quote/DX-Y.NYB?p=DX-Y.NYB&.tsrc=fin-srch) has rallied more than 17% this year versus a basket of currencies. The greenback is up 14% versus the [euro](https://finance.yahoo.com/quote/EURUSD=X?p=EURUSD=X&.tsrc=fin-srch), and a whopping 30% against the Japanese [yen](https://finance.yahoo.com/quote/JPY=X?p=JPY=X&.tsrc=fin-srch).

This early earnings season is littered with examples of the ensuing costs. IBM [numbers beat estimates](https://finance.yahoo.com/video/ibm-tops-earnings-estimates-even-133748190.html), even as the company said currency translation cost it $1.1 billion last quarter. Netflix’s [operating margin dropped to 19.3% from 23.5% last quarter](https://finance.yahoo.com/video/netflix-posts-strong-q3-earnings-132543331.html) — a decline it blamed almost entirely on the dollar’s gain. And Procter and Gamble [will take a $3.9 billion, after-tax hit from currency effects this year](https://finance.yahoo.com/quote/PG?p=PG&.tsrc=fin-srch).

Large companies do have the ability to hedge, or offset, the gains in the dollar in various ways, including covering expenses in local currencies. But the dollar’s move has been so big and so rapid this year that even the most seasoned hedgers have had difficulty adjusting.

It’s also tough for corporations to predict the dollar’s move six months to a year to even 18 months ahead, as they would need for hedging, Jefferies Managing Director and Head of Corporate Hedging and FX Solutions Joseph Lewis told Yahoo Finance Live recently: “The hardest part for companies right now to determine is, will this persist? You can take 10 economists — they’ll say slightly different things, have slightly different forecasts. I think that’s been really challenging for my clients; there isn’t a consistency in view.”

So, what are investors to do when it comes to factoring in the effect of the dollar? The bottom line for Citi’s Scott Chronert: “USD relevant for equities but not the main driver,” he wrote in a recent note. Rather, he said, investors should focus on “underlying business trends and conditions.”

Investors have another option, as Yahoo Finance’s Jared Blikre [pointed out in Wednesday’s Morning Brief](https://finance.yahoo.com/news/why-wall-street-is-warming-up-to-small-cap-stocks-100019747.html): They can invest in small-cap companies, which generally have less exposure to currency fluctuations than large cap companies.",0.5267,0.5267,True,positive,positive,-0.011830935148694932
83a34f5fa08e,reddit,IBM,2021-01-06 13:51:48,"[https://finance.yahoo.com/news/jim-chanos-not-fan-ibm-214614388.html](https://finance.yahoo.com/news/jim-chanos-not-fan-ibm-214614388.html)

Okay now what really got my attention was:

""He points out that simply adding together the company's operating earnings and its intellectual property royalties, then subtracting interest payments and the usual 21% corporate tax rate from the figure demonstrates the real earnings for the tech company in 2020 will be $6 a share. Compare this with the venerable technology giant's stated earnings of $9 a share - Chanos is suggesting IBM is overstating its earnings by 50%.""

Why that calculation? Is that supposed to show their economic profit? Why should we care about that as opposed to their accounting earnings? I don't understand this at all.",0.9534,0.9534,True,positive,positive,0.018993443981589975
f4324d4a1878,reddit,IBM,2021-02-08 15:28:56,"This has to be positive for growth and customer acquisition? As per article, IBM has sales force of 2,500 and works in 180 countries.

This should help PLTR get new customers casters, especially those using IBM services, if they retain the customers that something else.

Any views on the topic, if it will be positive or negative going forward to PLTR?",0.8466,0.8466,True,positive,positive,0.007721827418406546
f03206906e57,reddit,IBM,2020-08-16 10:10:38,"Hi I am looking for some advice for my mom here. She has 8 stock certificates from IBM that her father purchased for her in the 70’s. I went though and check the stock splits etc for each cause they were purchased through an employee stock plan at the time and they should be split into 164 shares now. She contacted IBM and they said they didn’t qualify for stock splits, but she mentioned the guy didn’t seem to know what he was talking about. Anyway, how does she go about getting the correct amount of stocks now in digital form? Is she owed the divided for all these splits? She has only been paid the divided for the 8 shares, and is she due interest on the past dividends they never paid her? Thanks for any advice.",0.7032,0.7032,True,positive,positive,-0.009802156075734314
82d38702c43b,reddit,IBM,2020-11-20 02:12:06,"# Introduction:

Good evening everyone. This post will be an in-depth look at IBM, and is likely going to end up being a bit lengthy. The stock is in a bit of a weird position, there is no doubt there will be people on both sides of the fence when looking at this stock. First we will take a look at the business for those unfamiliar, then the financials, and lastly their potential road ahead.

There will be a few questions we are looking to answer:

1. Is there revenue growth?
2. Is there earnings growth?
3. Is the company really leveraged? (Low/High debt)
4. Is there strong cash flow?

# IBM - International Business Machines:

International Business Machines' mdel is to be a part of everything IT's enterprise needs. The company primarily sells:

* Infrastructure services (37% of revenue),
* Software (29% of revenue),
* IT services (23% of revenue),
* Hardware (8% of revenues).

IBM operates in 175 countries and has over 80,000 business partners to service 5,200 clients – which includes 95% of all Fortune 500. IBM’s outward impact is substantial. For example, IBM manages 90% of all credit card transactions globally and is responsible for 50% of all wireless connections in the world.

**Strengths:**

>\- The company has been able to use its large free cash flow to invest heavily in the future (R&D and acquisitions) as well as buy back significant amounts of its own stock. Additionally the cash flow is allow the company to transition its larger customer base from old lower margin businesses to new higher margin, higher growth products and services.  
>  
>\- The company consistently tops the annual list of U.S. patent beneficiaries.  
>  
>\- The acquisition of Red Hat is transforming the company toward new Cloud technology.

**Risks:**

>\- IBM’s old mainframe business is in a long term decline. As we will see in the next section, over the last 10 years the company’s Revenue growth is negative, Cash Flow from Operations (CFO) is barely positive.  
>  
>\- While the stock share buybacks were listed as a positive, they are also a negative.  IBM's Earnings Per Share (EPS) is only positive because they bought back so many shares.  
>  
>\- And most importantly, data and analytics businesses face fierce competition from corporations such as Amazon,  Microsoft, and others.

# Financial History:

There is going to be a lot to unpack here, let's look at the general trend here.

|Year|Revenue|EBITDA|Debt|Debt / Earning|
|:-|:-|:-|:-|:-|
|2011|106,916|26,361|27,163|1.0|
|2013|98,368|27,478|29,680|1.4|
|2015|81,741|20,372|38,702|1.9|
|2016|79,919|18,551|40,902|2.2|
|2017|79,139|16,223|45,086|2.8|
|2018|79,591|16,711|42,656|2.6|
|2019|77,147|16,844|66,883|4.0|

The revenue has decreased approx 4% each year over the last decade, earnings has also decreased down to $16 Billion while their debt has ballooned to over $66.8 Billion setting the current debt/earnings ratio to 4x...big ouch.

Looking back at the first chart there are two things that need to be pointed out. Firstly, the decline in revenue and EBITDA has been leveling out, from 2017-2019 we can see there hasn't been as much of a decline. Secondly, the ballooning in debt in 2019 is attributed to IMB acquiring Red Hat.

So let's answer some of the questions.

1. Is there revenue growth?  - No
2. Is there earnings growth? - No
3. Is the company really leveraged? (Low/High debt) - Lots of Debt
4. Is there strong cash flow? Hmmm.

This is where things are going to get interesting. and less gloomy. (But it is still gloomy)

&#x200B;

|Year|Cash Flow from Operations|Capital Expenditures|FCF/E Ratio|
|:-|:-|:-|:-|
|2011|19,846|4,108|16,787|
|2015|17,225|3,579|13,594|
|2019|14,770|2,286|31,365|

What is really interesting, and a little weird here is they are generating \~$15 Billion in cash flow, and only putting \~$2.3 Billion back into the company, leaving around $12 Billion of free cash flow. When we look at their Free Cash to Equity we can see this has sharply rose, despite declining revenue and earnings.

At the current stock levels the free cash flow yield over the last decade has been \~11%. So if they can continue to stop their decline, or even turn around at this point there could be strong profit potential.

Let's quickly look into where the money is coming from.

**Revenue:**

|Revenue Sector|2018|2019|Year-Year Change|
|:-|:-|:-|:-|
|Cloud & Cognitive Software|22,209|23,200|\+6%|
|Global Business Services|16,595|16,634|\+2.4%|
|Global Tech Services|29,146|27,361|\-3.7%|

Looking at only the top 3 of their revenue sectors, we can see their Cloud & Business services growing at a \~2.65% weighted, and their Tech dropping by 3.7% from 2018 to 2019. This is potentially promising and their new CFO and CEO are investing heavily into this Cloud services. From their prospectus they are projecting potential 60% growth revenue models.

This also does not take into account the potential from their Red Hat acquisition.

# So what's the big if?

The big ""IF"" is whether or not they can turn the business around from where it is currently at or if it will just continue to decline. The earnings/revenue/debt numbers look terrifying right now, but strong cash flow is what allows companies to survive into the future. If IBM can increase their revenue and earnings, pay down debt, and maintain or increase their current cash flow there is a potential for a strong return.

# Some other numbers:

NOTE: Current for November 2020 and very likely to change.

|Current Annual Payout / Share|$6.52|
|:-|:-|
|Yield|5.84%|
|10 Yr Div Growth Rate|11.6|
|3 Yr Div Growth Rate|5.3|
|1 Yr Div Growth Rate|3.5|
|Current EPS Payout Ratio|72.77%|
|Years on Consecutive Div Increase|25 Years|

As it stands right now, the company is remaining committed to the dividend payouts. They currently have the cash flow to support it, however the payout ratio is already 72%. To maintain this their revenue will need to increase in the coming years.

# Final Thoughts:

IBM has been beaten down and currently sits in an interesting position. It is a global behemoth of a company with a wide moat, it is very intertwined in many different services, yet, over the last decade, it has languished financially under their previously poor leadership.

Picking this up, maintaining your current position, or staying far away depends on your personal risk tolerance. They have been declining, but the decline has slowed. Their growth in the Cloud sector is becoming more profitable, but it has many competitors there. There was a change in upper leadership. They have high levels or debt, but high levels of cash flow. So much is going on. (They are also involved in crypto - Stellar Lumens for those interested in that, won't be talking about it in detail here)

Ultimately, you need to ask yourself, do you believe in this company?

I hope everyone found this post interesting, please supplement this with your own research. What is everyone's opinion about the company?

As always, thanks for reading, and have a good day/night!

EDIT: Fixed some math errors. Thanks everyone for the comments, remember this post wasn't an endorsement or recommendation to buy or sell, just something to get brain juices going. ",0.9984,0.9984,True,positive,positive,0.004800130453558316
a58809adcc42,reddit,IBM,2021-08-31 03:04:44,"So, IBM is making a move spinning of into two companies. 

Is it worth going in right now? Or wait until the spinoff happens. 

I believe The company that keeps the cloud and red-hat will be a growth entity, esp in hybrid IT space.",0.5423,0.5423,True,positive,positive,0.011339845963032613
711879623948,reddit,IBM,2022-11-16 11:22:49,"***This is not a financial advice.***

>Hello Reddit Folks,  
>  
>Things changed, macro and market variables has changed. Equity Analysis is an Art that needs dedication and commitment to follow your analysis times to times when factors change. Saying so, here i am presenting you some refreshed data about Intel Corpolation.  
>  
>[Here](https://www.reddit.com/r/investing/comments/ycpfr9/intel_analysis_serious_dd/?utm_source=share&utm_medium=web2x&context=3) a link to see the previous post, made some days before INTC earnings, from which you can see, INTC has reached the predicted Fair Value from that post  
>  
>Have a nice reading session!

TL:DR

* **Current Fair Value** of $32.71
* **Apple** to source chips from Arizona from 2024
* **Inflation Cooldown**
* **Revenue growth** of 12.68% for 2023
* **Long Time Investing**

# Table of Contents

1. **Hypothesis**
2. **Methodology**
3. **Secondary Data**
4. **Macro Economic Data**
5. **Evaluation Methods**
6. **Main Competitors**
7. **The Products**
8. **SWOT Analysis**
9. **Financial**
10. **Analysts price target**
11. **Final Considerations**

## Hypothesis

* INTC is not a dying company
* INTC downtrend is following the sector and the market movement
* INTC is a cyclical business, and we are in a down cycle
* INTC investments will boost its revenues in the next five years
* USA government will not allow one of its pivotal and strategic company to fail
* INTC will face more stress as AMD is eating market share
* INTC’s new products are the top-notch of the sector
* APPL [wants to diversify](https://www.bloomberg.com/news/articles/2022-11-15/apple-prepares-to-get-made-in-us-chips-in-pivot-from-asia-supply?sref=9hGJlFio&leadSource=uverify%20wall) it chip source starting from 2024

# Methodology

When the authors initially wrote this thesis, the intention was not to take the position of an expert in company valuation. Instead, their aim was to investigate the development of a company based upon information and knowledge obtained from previous education and studies. Moreover, the underlying company for this valuation is Intel Corporation, since the authors aim to analyse a well reputable company with a strong market brand in a highly competitive market.

&#x200B;

# Secondary Data

Secondary data is the information that doesn’t require a direct collection or studies, this information is publicly available online for the public to be consulted. Meanwhile, primary data are information that has to be collected by direct means such as interviews, measurements or polls. In this paper, only secondary data and data derived from it are used. Following the main data related to the company that are mainly used for the evaluation models:

|Data|Number|
|:-|:-|
|**Levered Beta**|**0.73**|
|**Unlevered Beta**|**0.57**|
|**CAPM**|**7.01%**|
|**WACC**|**6.25%**|
|**ROE**|**25.50%**|
|**EPS**|**4.66**|
|**P/E**|**5.65**|
|**PEG ratio**|**4.43**|
|Corp Tax|8.46%|
|**Growth Rate Estimate**|**18.26%**|
|Growth Rate Estimate with market risk|12.68%|
|Analyst growth estimate|\-3.60%|
|Next 5y Analysts growth|\-20.92%|
|Intel’s Corporate Bonds|4.77%|
|Outstanding Shares|4,127,000,000|
|Earnings distributed|28.41%|
|Earnings retained|71.59%|

note: EPS is the EPS of last month, this is to compare the company in that time period to today's macro data.

# Macro Economic Data

|Data|Number|
|:-|:-|
|Market Expected Return|9.40%|
|Risk Free Rate|4.21%|
|Risk Premium|5.19%|
|AAA Bond Yield|5.31%|
|Average US GDP Growth|3.18%|
|Current Market P/E|18.58|

# Evaluation Methods

In this paper, five evaluation methods are used to evaluate the company's final fair value. Each method gives us different current fair values for a single share of the company. The final price tag is determined by the average price between all the methods used.

## Growth Rate

**The Growth Rate of 18.26%** is calculated taking in count the previous year earnings of 19.86 Billion, the retained percentage of the earnings that were not distributed of 71.59% and its historical ROE calculated by the average ROE of the last 4 years of 25.50%. The final Growth Rate is f **12.68%**, this number is found by subtracting risk premium from the growth rate. This is done as a precaution and reduction of overestimations.

## Free Cash Flow Evaluation Model

This simple model takes in mind the company 2021 Free Cash Flow of $9.66 billion, its WACC based discounted rate of 6.25% and its Growth Rate of 12.68% to determine a fair value of **$41.05** per share.

## Adjusted Graham Fair Value Formula

This model is used in the Value Investing communities to price tag a company based on its intrinsic value. This formula is created by Benjamin Graham, a value investor and professor at Columbia University who is considered the father of Value Investing.

**Intrinsic value = EPS × \[(8.5 + (2 × Expected annual growth rate, g)\]**

Which 8.5 is the P/E base of a no-growth company, and the expected growth rate is the company perpetual growth rate for the future.

In 1974, in the revised edition of **The Intelligent Investor**, Graham revised the formula to

**Intrinsic value = \[EPS × (8.5 + 2\*g) × 4.4\]/Y**

In this formula, 4.4 is the then prevailing (1962) rate on high-grade corporate bonds listed on the New York Stock Exchange. Y is the current yield on AAA-rated corporate bonds.

Graham thought that as the investor had the choice between putting money in common stocks or bonds, it was appropriate to take into account the rate of interest paid on a high-grade bond of 4.4 per cent in determining the intrinsic value of a stock.

In this thesis we use an adjusted formula

**Intrinsic value = \[EPS × (7 + 1\*g) × 4.4\]/Y**

The P/E of 7 is used because even if a company has zero growth prospects, but it is able to maintain cash flows and distribute dividends, its P/E is generally higher than 8.5.

The used growth rate is the one calculated.

The '2' multiplier is too aggressive. Graham never experienced companies with growth rates of 15-25 per cent, which is common today. Instead of '2', here it is used 1 instead.

The interest rate of 4.4 is left as the original, some modern adjustment put this value at 8.5, which is the five-year fixed deposit rate. This value is the substitute of the risk-free rate, which sometimes can be used instead of 4.4.

Data used for the calculation:

|EPS|4.66|
|:-|:-|
|Growth Rate|12.68|
|AAA Bond Yield|5.31|

The Adjusted Graham Intrinsic Value Formula gives us a price tag of **$75.98**

&#x200B;

## Discounted Unlevered Free Cash Flow Model

A modified version of the traditional Discounted Cash Flow. This model instead of using the free cash flow, uses the unlevered one.

Unlevered free cash flow (UFCF, also known as Free cash Flow to the Firm) is **the amount of available cash a firm has before accounting for its financial obligations**. Free cash flow (FCF), on the other hand, is the money a company has left over after paying its operating expenses and capital expenditures. It is used to remove the impact of capital structure on a firm's value and to make companies more comparable

In simple words. It is the cash flow of a company based on the belief that the company owes no debt, therefore has no interest payments to make.

In this model, it is taken in mind the following data:

|WACC based discount rate|6.25%|
|:-|:-|
|Growth rate|12.68%|
|Average US GDP growth rate|3.18%|
|rage Shares outstanding|4,127,000,000|

This gives us a fair value of **$46.50**

&#x200B;

## Final Fair Value

The Final price tag is determined as per following:

|Free Cash Flow Evaluation Model|**$41.05**|
|:-|:-|
|Adjusted Graham Fair Value Formula|**$75.98**|
|Discounted Unleveread Free Cash Flow Model|**$46.50**|
|**Final Fair Price (Average)**|**$32.71**|

Note:  In the evaluation, the price took in  mind discounted dividends model and total payout model, which both give  an evaluation of $0 due to the fact that growth rate is higher than the  discount rate. So the average takes in count the three methods above plus the two zeros

The company pays dividends so in this case i priced in also the output of those two models too

# Main Competitors

Intel Corporation is in the Semiconductor’s sector.

As the only leading-edge U.S. semiconductor company that **both develops and manufactures its own technology**, Intel has a widespread economic impact in every sector of the U.S. economy and a strategic advantage over its competitors. It is also the largest publicly traded semiconductor chipmaker in the United States.

The company is responsible for creating the x86 microprocessor, which is a part of nearly all personal computers today.

Despite being a leader in its market, Intel operates in an area that has many players that compete for market share. Below are some of Intel's main competitors.

|AMD - Advanced Micro Devices, like Intel, produces more than just microprocessors. Both companies create motherboards, servers, and other computer-related hardware. In terms of the x86 microprocessor, **AMD is Intel's biggest competitor.** Intel and AMD are rivals, much like Apple and Microsoft. They have certain specifications and dedicated users that will always stick to one over the other. Products from both companies are similar in price and quality. Though Intel's chips are primarily found in the computers of large companies, the competition between Intel and AMD comes down to individuals that build their own computers.|
|:-|
|IBM - International Business Machines is one of the first computer companies in the world, Founded in 1911, it was the pioneer in computer technology during the 20th century. The company developed the ATM, the hard disk, the floppy disk, the magnetic stripe, and many more. It is one of the 30 companies on the Dow Jones Industrial Average (DJIA) and one of the largest employers in the world. IBM used to produce computers using Intel's processors, but has since sold off that business and is now **selling its own servers and mainframes using its own processors, putting itself directly in competition with Intel.** The company launched a program to open source much of its architecture and firmware back in 2013, which attracted many new customers to using its Central Processing Units, stealing market share from Intel.|
|NVIDIA - NVIDIA is one of the key players in the graphics processing unit (GPU) market. It is one of the **biggest names in video games**. It also designs **chips for mobile phones and automobiles**. Many of its chips are used in supercomputers, and it is now working on artificial intelligence. Intel released a new graphics card in the second half of 2021 that is competing directly with Nvidia's dominance in that field. It is used to compete in areas of data centre, artificial intelligence, and machine learning.|
|Samsung - In 2018, it surpassed Intel as the largest semiconductor maker by revenue, but in 2019, Intel took that spot back. It's clear that both companies strive against one another for the top spot. Intel and Samsung don't compete in all fields, however. **Intel's products primarily focus on desktops and laptops, whereas Samsung focuses on semiconductors for smartphones and data centres.**|

# The Products

|**CGC – Client Computing Group** includes products designed for end-user form factors, focusing on higher growth segments of 2-in-1, thin and-light, commercial and gaming, and growing other products such as connectivity and graphics|
|:-|
|**NEX – Network and Edge Group** includes programmable platforms and high-performance connectivity and compute solutions designed for market segments such as cloud networking, communications networks, retail, industrial, healthcare, and vision.|
|**DCAI – Datacenter and AI Group** includes a broad portfolio of CPUs, domain specific accelerators, FPGAs and memory, designed to empower datacenter and hyperscale solutions for diverse computing needs|
|**AXG – Accelerated Computing System Graphics Group** includes CPUs for high performance computing (HPC) and GPUs targeted for a range of workloads and platforms from gaming and content creation to HPC and AI in the data centre|
|**IFS – Intel Foundry Services** is a services provider offering a combination of leading-edge packaging and process technology, world-class differentiated internal IPs (i.e.: x86, graphics, AI), broad 3rd party ecosystem and silicon design support.|
|**Mobileye** includes the development and deployment of advanced driver assistance systems (ADAS) and autonomous driving technologies and solutions.|

# SWOT Analysis

## Strengths

* **Strong Industry position**: it has a strong market share in its major business segment. The main product is not easily copied.
* **Economies of scale**: the microprocessor market i very large and Intel has a strong manufacturing plants
* **Strong Research**: Intel’s research team is highly professional, and made some breakthrough tech that cannot be copied by other manufacturers
* **Strong partnership with Microsoft**: this partnership limits the market share growth of competitors
* **Trustworthy raw material suppliers**: it has a solid base of reliable raw material suppliers
* **Strong High-Tech culture**: its products are cutting edge innovations not easy to copy
* **High Level of customer satisfaction**: It has a dedicated customer relation department that allows it to have a high level of customer satisfaction and brand recognition
* **Strong Distribution Network**: It has developed a dependable distribution network that can reach the majority of its potential market
* **High Free Cash Flow**: It has strong Free Cash Flow, which allows it to grow into new initiative and reinvest in the company
* **Brand Recognition**: It has a strong brand recognition, positive perception of its products
* **Social Media**: Intel invests in Social Media channel to reach its customers

## Weaknesses

* **High costs of goods**: It has high fixed costs which adversary affects profit margins
* **High level of debt**: It has a lot of debt, which increases the interest costs on funds borrowed to finance activities.
* **Declining PC sales**: the PC market is shrinking due to post Covid open up and cycle of the business
* **High Dependency on the Main Segment**: Intel has a strong dependency on PC sales
* **Limited Business Diversification**: Intel is facing challenges in diversifying. It is trying to enter the mobile phone, tablet and TV segments.
* **Limited Customer Care in Developing Countries**: the company’s customer care is less active in developing countries, missing new potential customers
* **Weak R&D**: the company research and development division as a small investment compared to its revenue

## Opportunities

* **Apple Wants to diversify source of chips** stating Arizona as a possible source
* **High Growth**: its products are expected to be in high demand in the next growth cycle
* **Increase in Demand:** expected increase in demands for personal computers and servers
* **Automatic Cars**: this market requires high-tech processors
* **Drones**: their usage is growing year after year and is a great opportunity for Intel
* **Developing Countries**: are expected to grow and are an opportunity to acquire new customers and partners
* **Defence sector:** institutional contractors might demand Intel high-tech processors for strategic tech and services

## Treats

* **Competition**: Intel is a leading leader in its industry and is facing high pressure from competitors such as: AMD, NVIDIA, Qualcomm, Samsung
* **Competitors’ New product launches**:Competitors products are threatening Intel leadership
* **Price sensitivity**: semiconductor market is a highly price sensitive market and cheaper products from competitors might drastically eat away Intel’s market share
* **Fluctuating PC sales**: Intel is too dependent on this segment
* **Harmful regulations**: the company is facing harmful regulations from countries that are trying to erode the sale of Intel’s products
* **Geopolitical Events**: Semiconductors is a strategic industry for many countries and international political events might impact the company
* **Reliance on third party manufacturers**: Intel and Manufacturers are highly dependent from each others

# Financials

## Income Statement

In the past three years the average increase in revenue has gone up by 0.10% showing a stagnation of sales with the growth from 2020 to 2021 being 0.47%. While having an average increase in operating expense of 2.14% with the last year increase, from 2020 to 2021, of 10.12% showing a spike in costs for the last operating period.

It is expected for the year 2022 to have both Costs and Revenue increase by approximately 18%

A point of some concern might be the small decrease in net revenue in those past 4 years, confirming a stagnation of the business.

## Balance Sheet

The 2021 balance sheet shows us

* Short term debt of 4.59 Billion coverable by cash and cash equivalents plus account receivables, but not only by C&C alone
* Long term debt is coverable by current assets alone
* Increased stockholders equity, earnings are being retained in the company and reinvested

## Cash Flows

Intel has positive Cash Flow from Operations in the last four years. Same thing for Net Cash Flow. A reduction of both can be observed for the last year.

The Company has an Income Quality ratio of 1.51, which is good and signals a healthy income.

INTC is investing heavily in PP&E

# Revenue Forecast

With the release of the new Intel Arc 7, with has the potential and capability to rival and surpass its competitors, NVIDIA and AMD, and a increase in demand for the year 2023, it is forecasted a growth in revenue according to the growth rate calculated of 12.86%

## Analysts Price Target

**$72 High**

**$32.74 Average**

**$18 Low**

**$32.71 OP’s**

# Final Considerations

## What is its position compared to competitors?

By observing the industry and taking in count different factors such as geopolitical and market demands for electronics, we can forecast a possible development for Intel.

INTC has a strong customer base and it is known worldwide for its contributions and development of cutting hedge technologies, this is well resonated especially in developing countries such as India, China, Nigeria and Indonesia.

While its North American market share in Graphics and Motherboards got eroded by some percentage by its main competitor AMD, it still maintain a leadership position in the sector. We shall note that Intel operates in sectors which permit it to diversify a little bit its product’s portfolio, where AMD doesn’t have expertise nor is capable to compete.

With high inflation and interest rate corroding the whole market, it is expected to meet some possible downturn for the near period of time (3 to 6 months) and stabilise within a year while the FED is fighting the raising of costs. The company has strong fundamentals that shields it from possible adverse events in the near future and its cash flow quality is high.

Intel Corporation is currently undervalued due to North American Market downtrend perception of it due to the rival’s marketing attacks. It is also reasonable that the past CEO brought the company into stagnation and slowdown, but with the new one, with his expertise and experience, we can expect a turnaround and regain of some market share in the next few years.

With US Government subsidies for the semiconductor industry, we can see a deep strategic interest in bringing and boosting domestic productions and reducing potential risk from over relying on taiwanese manufacturers. This incentivised Intel to invest in two new fabs, one in Ohio and one in Arizona, plans to expand existing plants are already funded and another European production site is planned in Germany.

SWOT analysis shows us many strong moats for the business, which are its competitive advantages over competitors. Huge potentials can be exploited if the company decided to pursue an expansion strategy into developing countries and markets.

Lack of insiders sell, which the last one in february 2022, shows us that the management is confident in the company's future development, which is confirmed by additional buying from the CEO itself in the last months. Big Institutions and Mutual Funds hold portions of the company too, signalling strong sentimento towards the company. Employees rating and satisfaction rate is high, salaries aren't that much different from rivals.

## Is the company a Buy or a Sell?

The company is distributing regular dividends, it has strong fundamentals and lots of cash to meet adverse events. Institutions and insiders are holding. The current downtrend is due to market trend and social mechanism, of which contributed AMD marketing in damaging Intel’s perception in the CPU segment.

Fundamentally though, the company has many potentials and growth opportunities, especially now with its new release Intel Arc 7.

Intel is a smart investment for long term holders, not only because its intrinsic value is expected to grow, but also for the fact that it pays high dividend’s yield. If the company was in a severe situation, it still can retain earnings to cover expenses, even if it is unlikely due to its present liquidity.

The cooldown of infration migh suggest a better economic landscape for 2023

In the end, the verdict is one: **Buy. Fair Value is $32.71.**

**What are you thoughts? Is Intel a Buy or a Sell? Let us all know!**

&#x200B;

&#x200B;

&#x200B;

***This is not a financial advice.***",0.9999,0.9999,True,positive,positive,0.008875977186346473
76a68016dfaf,reddit,IBM,2021-04-21 21:04:32,So I know IBM gets shit on a lot but I was wondering if anyone can tell me why exactly it’s a bad choice for a dividend portfolio? They seem like an ideal company to build around especially since the tech sector itself isn’t as strong in dividend payers as other sectors. Not to mention IBM cloud and quantum computing in general could completely revolutionize the world.,0.7391,0.7391,True,positive,positive,-0.006680260704677865
cbbdd4f28db9,reddit,META,2022-10-22 02:29:42,"U.S. stocks soared on Friday as investors parsed through a medley of corporate financial results and pondered the possibility Federal Reserve officials may ease aggressive rate increases sooner than anticipated.

&#x200B;

The S&P 500 (\^GSPC) marched up 2.4%, while the Dow Jones Industrial Average (\^DJI) rallied more than 700 points, or 2.5%. The technology-heavy Nasdaq Composite (\^IXIC) gained 2.3%. Treasuries retreated after a relentless climb in recent days that saw the benchmark 10-year note temporarily rise above 4.3%, a level not seen since 2008.

&#x200B;

In remarks at a meeting Friday, San Francisco Federal Reserve President Mary Daly said the U.S. central bank should avoid tipping the economy into an ""unforced downturn"" and that it was time to consider easing the pace of hikes.

&#x200B;

Investors also assessed a Wall Street Journal report earlier in the day indicating Fed policymakers are poised to deliver another interest rate increase of 0.75% at their meeting Nov. 1-2 and but are expected to discuss the possibility of a smaller increase in December.

&#x200B;

Even with the past two down days, equities closed the week out sharply higher thanks to mega rallies on Monday, Tuesday, and Friday.

&#x200B;

“We’re closer to the end than we are to the beginning, and the more bear market rallies we see, the fewer are left before we finally flush it all out,” SoFi's Head of Investment Strategy Liz Young said in a note. “Still some more things to check off the list, but if or when earnings crack and just before economic data falls into contraction conditions, is when you start to pounce on market opportunities – that could be just around the corner.”

Third-quarter earnings season has so far held up better than many analysts have expected, with beats from companies like Netflix (NFLX), AT&T (T), and IBM (IBM) countered by big misses from names such as Snap (SNAP), which tumbled 28% Friday after disappointing Wall Street with its results.

&#x200B;

The social media platform reported a fifth-straight quarterly deceleration, along with lackluster profits and a warning that sales trends in the current three-month period may get worse.

&#x200B;

“It's difficult to parse out how many of Snap's issues are transitory,” Jefferies analyst Brent Thill said in a note. “The weakening macro backdrop is partially to blame for soft results, but we question how much is due to the iOS privacy issues and competitive threats.”

&#x200B;

Snap’s declines also extended to other social media and tech peers Friday, with shares of Meta (META) down 1.1% and Twitter (TWTR) shares off nearly 5%.",0.8873,0.8873,True,positive,positive,-0.014466858352811585
07ddb7dcc5b5,twitter,AAPL,2022-12-13 23:28:41,@elonmusk Didn’t you just take on a ton of debt using the $TSLA stock (which is down 50% in 3 months significantly… https://t.co/fzavGD4QKF,-0.3612,-0.3612,False,negative,negative,-0.009142453055574262
096ae956d190,twitter,AAPL,2022-12-13 23:55:53,"RT @mysocial_pulse: Trending HOT crypto and stock🔥🔻

((Source:https://t.co/9llHJPMqZM))

#tsla #Amazon #pgy #apple #aapl #MetaverseNFT #Gam…",-0.1779,-0.1779,True,negative,negative,-0.009142453055574262
e5315dbf7841,twitter,AAPL,2022-12-13 20:38:22,"RT @DompabloMd: $AAPL Expecting Apple stock price hit 110-90 level in 2023. If weekly (monthly) close below 135 and won't come back, we wil…",0.0,0.0,True,neutral,neutral,-0.000786977414607426
e2a03b6096d0,twitter,AAPL,2022-12-13 23:43:35,@RealSimpleAriel $AAPL I think was the only stock that was a leader in more than one bull market. $TSLA was the lea… https://t.co/HIlaId78Co,0.0,0.0,True,neutral,neutral,-0.009142453055574262
24106d3a0e72,twitter,AAPL,2022-12-13 22:54:18,"RT @rauItrades: Here are six of the seven outfits used by the Industry.
Sans Waring's Problem SMA combo:
19 37 73 143 279 548.

In a single…",0.3612,0.3612,False,positive,positive,-0.009142453055574262
b3c8fd89ee8a,twitter,AAPL,2022-12-13 22:55:15,"RT @MikeEdward_TTG: STOCK MARKET LIVE #Trading During #PowerHour, Best #StocksToBuy Now &amp; Weekly Recap!

Find Out EVERYTHING You Need To Kn…",0.6696,0.6696,False,positive,positive,-0.009142453055574262
3f250824d8eb,twitter,GOOGL,2022-12-11 21:46:50,"RT @Investingcom: ⚠️BREAKING:

*ALPHABET STOCK FALLS 4% TO END AT LOWEST LEVEL SINCE NOVEMBER 2020 

$GOOG $GOOGL https://t.co/rbN9TolWXv",-0.516,-0.516,True,negative,negative,-0.00924661813337857
67bba0de1686,twitter,GOOGL,2022-12-11 21:39:42,"RT @Investingcom: ⚠️BREAKING:

*ALPHABET STOCK FALLS 3% TO LOWEST LEVEL SINCE JANUARY 2021 

$GOOG $GOOGL https://t.co/peL3ltFSUm",-0.516,-0.516,True,negative,negative,-0.00924661813337857
e7d64f1cf08c,twitter,GOOGL,2022-12-12 14:01:36,"RT @JasonMaPhD: All things considered, which stock would you rather go all in right now? $AMZN $GOOGL $TSLA",0.0,0.0,True,neutral,neutral,-0.00924661813337857
fe7b35a7b23c,twitter,GOOGL,2022-12-13 07:38:05,"RT @AbhipraGroup: #Alphabet $GOOGL Last 24 months Daily #StockMovement Line #Chart
Max downward movement was -9.14%
Max upward movement was…",0.0,0.0,True,neutral,neutral,0.017293548095024258
9dc38fc8c5eb,twitter,GOOGL,2022-12-13 06:48:20,@themarkethustle That buying stock before a “stock split. Is very risky” googl and Amzn are both the most common st… https://t.co/PyKjGrnquO,0.0,0.0,True,neutral,neutral,0.017293548095024258
30fd2efec4af,twitter,GOOGL,2022-12-12 14:56:26,"@squawksquare every stocks has made a bottom, See NVDA,CRWD, GOOGL,MELI, i respect their CEOs for not doing nonsens… https://t.co/XPT2eoNHU4",0.4767,0.4767,True,positive,positive,-0.00924661813337857
f79066acc096,twitter,GOOGL,2022-12-13 15:45:22,RT @UPBOptionMil: Largest decreases in stock option open interest  $WBD $NU $ALLY $MLCO $AMC $XOM $TSLA $GOOGL $EQT https://t.co/iLBbUi49nE,0.4588,0.4588,True,positive,positive,0.017293548095024258
bbef4310b52a,twitter,IBM,2022-12-13 22:44:28,@Inaki_Beroiz @SharogradskyM @jeffmeyers72 @iancassel Transitions have been difficult.  Riverbed. IBM.  Rev has bee… https://t.co/Hug0OnhirJ,-0.3612,-0.3612,True,negative,negative,0.001677875694550246
d9b1f681cf49,twitter,IBM,2022-12-11 19:37:46,"RT @MichaelMOTTCM: 8 Monster Stock Market Predictions - The Week of December 12, 2022, Edition https://t.co/honr1HKfKH #STOCKS – $GS, $IBM,…",0.0,0.0,True,neutral,neutral,0.00027108111522489153
76b3f7b4fdd1,twitter,IBM,2022-12-12 15:46:10,"@WhaleEverything Check out this 

#CEX @Bluebit_io #BlueBit #Stock #Exchange #Google #Netflix #FedEx… https://t.co/aS3wIsjaH6",0.0,0.0,False,neutral,neutral,0.00027108111522489153
bc4110e6efd2,twitter,IBM,2022-12-11 13:06:27,"#SingaraSiriye Thank You  Sir and IBM 

@shetty_rishab @VKiragandur sir @ChaluveG #AravindKashyap @crbobbymusic… https://t.co/Yz10hkCCVv",0.3612,0.3612,True,positive,positive,0.00027108111522489153
53b9c36100d8,twitter,IBM,2022-12-13 19:09:41,"@SpiroAgnewGhost Sure, there was the split, but when that happened, I never assumed that legacy stock like IBM woul… https://t.co/C7F9p71AfI",0.5994,0.5994,True,positive,positive,0.0015453006221086696
62afeca6d96a,twitter,META,2022-12-13 23:03:49,RT @MarketCorrupt: @ModyMarc I was definitely frustrated with META for the lack of silence but them being this quiet for so long it has to…,-0.25,-0.25,True,negative,negative,0.01837844159114521
026d469893a5,twitter,META,2022-12-13 18:23:02,@WholeMarsBlog $Tsla turning out to be the second most hated stock after $Meta,-0.6697,-0.6697,True,negative,negative,0.039854387615895215
b66156eb9159,twitter,META,2022-12-13 19:55:49,@caufield1225 I owned META 2015-2021 and think you’ve missed my point since I wasn’t comparing the companies busine… https://t.co/ZQDG1VsAHm,-0.296,-0.296,True,negative,negative,0.039854387615895215
e0c73486e572,twitter,META,2022-12-13 22:42:52,@ModyMarc I was definitely frustrated with META for the lack of silence but them being this quiet for so long it ha… https://t.co/HJZu6yst1i,-0.25,-0.25,True,negative,negative,0.01837844159114521
16327920cc3f,twitter,META,2022-12-13 17:47:34,"RT @bikulmishra: MMTLP Stock - META MATLS Pref Shs Stock Breaking News Today. MMTLP Stock Price Target $449USD. Watch The Video Now.
https:…",0.0,0.0,True,neutral,neutral,0.039854387615895215
89ad34a481c6,twitter,META,2022-12-13 20:30:31,"@European_DGI Difficult to say. In short term it would be stock price catalyst for sure, but in long run I don't kn… https://t.co/aoqqWwOGKE",-0.0258,-0.0258,False,neutral,neutral,0.039854387615895215
bec5dbad7a0a,twitter,META,2022-12-13 21:25:21,@Moebo55 @SouldierMike If you think about it this is the meta of the stock market since the beggining. You are sell… https://t.co/T2oyB61cGn,0.0,0.0,True,neutral,neutral,0.01837844159114521
13948a4d7052,twitter,META,2022-12-13 20:52:48,"Forward P/E edition of Three-Stock Lunch: TSLA, META &amp; JPM https://t.co/vQC4mgA8xO via @YouTube",0.0,0.0,True,neutral,neutral,0.039854387615895215
b116d8687cd3,twitter,META,2022-12-13 20:00:39,"@AdamParkhomenko Now do META, NFLX, AMZN or any other mega cap tech stock.",0.0,0.0,True,neutral,neutral,0.039854387615895215
101b20fc1aaa,twitter,META,2022-12-13 18:54:33,"RT @8750Capital: And perhaps most remarkable, even though $TSLA is down &gt; 50% YTD, it doesn’t appear many bulls have capitulated
 
This sho…",0.5984,0.5984,False,positive,positive,0.039854387615895215
2f1ba6989fe2,twitter,META,2022-12-13 21:38:44,RT @InvestorPlace: Our Top 10 Stock Picks for 2023 $LLY $META $PYPL https://t.co/dwzwqaYkCI,0.2023,0.2023,True,positive,positive,0.01837844159114521
1d7a7d82e942,twitter,META,2022-12-13 23:05:34,"Value hunting today! We're on the lookout for attractive stocks that are worth a look on @PowerLunch 
Take a look a… https://t.co/AxkhoffpsH",0.7574,0.7574,False,positive,positive,0.01837844159114521
58c03bc6adb1,twitter,META,2022-12-13 21:50:52,"RT @First4Figures: Snag this awesome Meta Ridley! Get yours at https://t.co/HWXL55Fy54

Click on the link below to shop!
F4F link to shop:…",0.755,0.755,True,positive,positive,0.01837844159114521
