source,ticker,vader_class,population_n,sample_n,population_share,sample_share,design_weight
news,AAPL,negative,16,5,0.03088803088803089,0.03333333333333333,3.2
news,AAPL,neutral,48,12,0.09266409266409266,0.08,4.0
news,AAPL,positive,35,9,0.06756756756756757,0.06,3.888888888888889
news,GOOGL,negative,9,3,0.017374517374517374,0.02,3.0
news,GOOGL,neutral,35,9,0.06756756756756757,0.06,3.888888888888889
news,GOOGL,positive,47,12,0.09073359073359073,0.08,3.9166666666666665
news,IBM,negative,8,3,0.015444015444015444,0.02,2.6666666666666665
news,IBM,neutral,45,12,0.08687258687258688,0.08,3.75
news,IBM,positive,38,10,0.07335907335907337,0.06666666666666667,3.8
news,META,negative,26,7,0.05019305019305019,0.04666666666666667,3.7142857142857144
news,META,neutral,23,6,0.0444015444015444,0.04,3.8333333333333335
news,META,positive,47,12,0.09073359073359073,0.08,3.9166666666666665
reddit,AAPL,negative,1,1,0.0019305019305019305,0.006666666666666667,1.0
reddit,AAPL,neutral,1,1,0.0019305019305019305,0.006666666666666667,1.0
reddit,AAPL,positive,3,2,0.005791505791505791,0.013333333333333334,1.5
reddit,GOOGL,positive,2,1,0.003861003861003861,0.006666666666666667,2.0
reddit,IBM,negative,5,2,0.009652509652509652,0.013333333333333334,2.5
reddit,IBM,neutral,2,1,0.003861003861003861,0.006666666666666667,2.0
reddit,IBM,positive,40,10,0.07722007722007722,0.06666666666666667,4.0
reddit,META,positive,1,1,0.0019305019305019305,0.006666666666666667,1.0
twitter,AAPL,negative,6,2,0.011583011583011582,0.013333333333333334,3.0
twitter,AAPL,neutral,4,2,0.007722007722007722,0.013333333333333334,2.0
twitter,AAPL,positive,7,2,0.013513513513513514,0.013333333333333334,3.5
twitter,GOOGL,negative,5,2,0.009652509652509652,0.013333333333333334,2.5
twitter,GOOGL,neutral,8,3,0.015444015444015444,0.02,2.6666666666666665
twitter,GOOGL,positive,3,2,0.005791505791505791,0.013333333333333334,1.5
twitter,IBM,negative,2,1,0.003861003861003861,0.006666666666666667,2.0
twitter,IBM,neutral,4,2,0.007722007722007722,0.013333333333333334,2.0
twitter,IBM,positive,5,2,0.009652509652509652,0.013333333333333334,2.5
twitter,META,negative,13,4,0.025096525096525095,0.02666666666666667,3.25
twitter,META,neutral,17,5,0.032818532818532815,0.03333333333333333,3.4
twitter,META,positive,12,4,0.023166023166023165,0.02666666666666667,3.0
